identifiant commerce;DEA_NOM_COMMERCE;DEA_JOUR_FERMETURE;DEA_NUMERO_RUE_LIVRAISON;DEA_CODE_POSTAL_LIVRAISON;DEA_COMMUNE_LIVRAISON
510016;Tabac du Marché;Lundi;64 R. de Neuilly;92110;Clichy
510152;Mag Presse;Dimanche;15 Av. Charles de Gaulle;92350;Le Plessis-Robinson
510256;La Rotonde;;13 R. Henri Barbusse;92390;Villeneuve-la-Garenne
510276;Tabac du Centre;Dimanche;68 R.du Gouverneur Général Eboué;92130;Issy-les-Moulineaux
510290;Le Balto;Dimanche;63 Av. de la Grande Armée;75016;Paris
510312;Presse;;2 Rond Point Rhin et Danube;92100;Boulogne-Billancourt
510318;Le Gaulois;;6 Pl. du 11 Novembre;95100;Argenteuil
510324;Le Voltigeur;Dimanche;118 Bd  Berthier;75017;Paris
510329;Le Brazza;Lundi;53 R. de Tocqueville;75017;Paris
510353;Le Mondial;Dimanche;8 Pl. Louis Aragon;92700;Colombes
510356;Tabac du Marché;Mercredi;31 R. Carnot;92300;Levallois-Perret
510365;Le Wilson;;75 R. Labrouste;75015;Paris
510405;Le Louis XV;Samedi;31BIS R. des Bourguignons;92270;Bois-Colombes
510406;Au Jean Bart;Dimanche;44 R. du Dr  Roux;75015;Paris
510425;Le Lamartine;;178 Av. Victor Hugo;75016;Paris
510487;Le Havane;Dimanche;50 Av. Jean-Baptiste Clément;92100;Boulogne-Billancourt
510488;Au Ptit Creux Gourma;Dimanche;11 R. Georges Seurat;92110;Clichy
510505;Tabac de la Gare;;2 R. Merlin de Thionville;92150;Suresnes
510507;Le Carolène;;56 R. Berzélius;75017;Paris
510522;Plum2000;Dimanche;174 R. de la Pompe;75016;Paris
510538;Le Calumet;Dimanche;145 Av. de Villiers;75017;Paris
510545;Le Valerien;;1 R. de la Poterie;92150;Suresnes
510550;Le Flash;;35 R. Jean Pierre Timbaud;92400;Courbevoie
510551;Le café des Sports;Dimanche;34 R. Rivay;92300;Levallois-Perret
510556;Le Dugommier;Dimanche;240 R. du Charenton;75012;Paris
510557;La Gitane;;47 Bd de Grenelle;75015;Paris
510563;Le Rond Point;Dimanche;39 Av. Édouard Vaillant;92150;Suresnes
510567;Le  Village;;5 R. du Bournard;92700;Colombes
510576;Tabac Jeux;;96 R. Raynouard;75016;Paris
510588;Café Malesherbes;Dimanche;192 Bd de Malesherbes;75017;Paris
510589;Le Rallye;;29 R. Brochant;75017;Paris
510597;Tabac la Place;;8 Pl. Falguière;75015;Paris
510601;La Carotte Motte Piq;;55-57 Av. de la Motte Picquet;75015;Paris
510607;Tabac Saint Exupéry;Mercredi;8 R. Saint-Exupéry;92360;Meudon-la-Forêt
510618;Comptoir des Frangin;;82 R. du Chateau;92100;Boulogne-Billancourt
510628;La Civette du Pont;Dimanche;253 Bd Jean Jaurès;92100;Boulogne-Billancourt
510631;Tabac de la Paix;;766 Av. Roger Salengro;92370;Chaville
510634;La Parisienne;;57 Av. Mozart;75016;Paris
510647;Le Falguière;;129 R. de Vaugirard;75015;Paris
510661;Tabac des Chênes;;45 R. des Chênes;92150;Suresnes
510662;Tabac Lecourbe;Dimanche;37 R. Lecourbe;75015;Paris
510667;Mag Presse;Dimanche;116 Bd du Mal  Lattre de Tassigny;92150;Suresnes
510669;Civette de Neuilly;;105 Av. Charles de Gaulle;92200;Neuilly-sur-Seine
510671;La Divette;;61 R. Paul Vaillant Couturier;95100;Argenteuil
520016;Totem;Dimanche;41 Bd  Gallieni;94360;Bry-sur-Marne
520104;Tabac de La Poste;Dimanche;46 Av. du Mar. Foch;93360;Neuilly-Plaisance
520122;L‘Imperial;Mercredi;38 R. d'Aulnay;93270;Sevran
520144;Civette des 7 Iles;Dimanche;186 Av. Jean Jaurès;93370;Montfermeil
520266;Le Cadre Noir;Dimanche;38 R. de Joinville;75019;Paris
520278;Café de la Seine;Dimanche;21 Av. Ledru-Rollin;75012;Paris
520309;Tabac de la Gare;Mercredi;2 Av. du Mar. Foch;77500;Chelles
520345;Le Celtique;;175 Bd de la Boissière;93100;Montreuil
520351;Le Malakoff;Lundi;36 R. du Grand Cerf;77100;Meaux
520353;Civette Rosny 2;Dimanche;2 Av. du Gal de Gaulle C.Cial R2;93110;Rosny-sous-Bois
520379;Le Brazza;Dimanche;8 Route de Montreuil;93230;Romainville
520383;Tabac de la Gare;Dimanche;3 Pl. Roger Nicolas;77330;Ozoir-la-Ferrière
520397;Le Paris-Lille;;36 Av. du Cimetière Parisien;93500;Pantin
520423;Le Saint-Fargeau;;108 Av.Gambetta;75020;Paris
520444;Le Marceau;Dimanche;111 Av. Ledru Rollin;75011;Paris
520445;Le St-Mandé;Dimanche;82 Av. de St Mandé;75012;Paris
520451;La Petite Etincelle;;38 Bd  Beaumarchais;75011;Paris
520483;Le Jean Bart;;159 R. de Paris;93260;Les Lilas
520496;Le Bel Air;;25 Av. Édouard Vaillant;93000;Bobigny
520503;Bar l'Express;;2 Pl. du Général Leclerc;93380;Pierrefitte-sur-Seine
520512;Le Prestige;Lundi;182 Av. Maurice Thorez;94500;Champigny-sur-Marne
520523;Le Celtique;;60 R. Parmentier;93240;Stains
520525;Tabac de La Gare;;7 Pl. de la Gare;93250;Villemomble
520531;Les Mortefontaines;Dimanche;63 Av. Mathieu Chazotte;95170;Deuil-la-Barre
520535;Angkor;Jeudi;98 R. d'Aubervilliers;75019;Paris
520542;Tabac de L'église;;132 Av. Aristide Briand;93320;Les Pavillons-sous-Bois
520558;Tabac Le Jean Bart;;17 R. Pétion;75011;Paris
520561;Tabac du Fort;Mardi;123 R. du Monument;94500;Champigny-sur-Marne
520562;Tabac l' Estaminet;Dimanche;10 R. Jean-Pierre Timbaud;75011;Paris
520566;Tabac de la Mairie;Dimanche;20 R. du Moutier;93300;Aubervilliers
520567;Tabac Le Sévigné;Dimanche;162 Grande Rue;93250;Villemomble
520570;Bar Tabac Le Balto;Dimanche;44 Bd  Jules Guesde;93200;Saint-Denis
520575;Tabac Au Bon Coin;;2 Bd  Davout;75020;Paris
520577;Tabac Le Flash;;1 Pl. Gabriel Péri;93440;Dugny
520580;Tabac La Lorraine;Mercredi;127 Av. Jean Jaures;75019;Paris
520584;Tabac de la Mairie;Dimanche;4 R. Louis Talamoni;94500;Champigny-sur-Marne
520588;Tabac de la Mairie;;1 R. Carnot;93240;Stains
520590;Le 1930;;128 R. de Charonne;75011;Paris
520599;Tbc L'Hotel de Ville;Dimanche;2 R. Raoul Berton;93170;Bagnolet
520604;Le Pot de Vie;;52 R. des Alouettes;75019;Paris
520608;Le week-end;;42 Bd Henri IV;75004;Paris
520609;Le Cantal;Dimanche;20 R. Deveria;75020;Paris
520610;Le Central;;199 R. Robespierre;93170;Bagnolet
520611;Tabac de la Mairie;Dimanche;6 All. Jean Baptiste Colbert;77200;Torcy
520613;Tabac Le Val;Dimanche;10 Av. du Val de Fontenay;91150;Fontenay-sous-Bois
520616;Le St Maur;;217 R. Saint Maur;75010;Paris
520624;Le Celtique;;23 R.de la Gare;95170;Deuil-la-Barre
520625;Le Fontenoy;;17 Pl. de la Libération;93190;Livry-Gargan
520627;Tabac le Navy;;26 R. du Château d'eau;75010;Paris
520634;Le Piazza;;2 All. André Malraux;93160;Noisy-le-Grand
520640;La Tabatière;Dimanche;4 Pl. de la Libération;95200;Sarcelles
520646;Le Pasteur;Dimanche;138 Av. Pasteur;93150;Le Blanc-Mesnil
520652;Tabac de la Cité;;221 Bd Théophile Sueur;93100;Montreuil
520653;La Barrique;Dimanche;7 R. Beaurepaire;75010;Paris
520656;Le Royal Strasbourg;;34 Bd  de Strasbourg;75010;Paris
530051;Studio-Presse;Dimanche;17 R. Jean Jaurès;94240;L'Haÿ-les-Roses
530061;Le Vaillant;Dimanche;122 R. Edouard Vaillant;94140;Alfortville
530096;Le Naguère;;66 R. Daguerre;75014;Paris
530117;Librairie du Centre;Dimanche;79 Av.de la République;92120;Montrouge
530156;Et Cetera;Dimanche;10 R. des Halles;75001;Paris
530200;Korum-Café;Dimanche;12 R. Neuve Tolbiac;75013;Paris
530204;L'Express;;2 R. du Pdt Robert Lakota;91270;Vigneux-sur-Seine
530247;Le Marigny;;4 R. Henri Crette;94550;Chevilly-Larue
530256;Le Ventadour;;46 R. des Petits-Champs;75002;Paris
530261;Tabac des Arcades;Dimanche;163 R. du Pdt François Mitterrand;91160;Longjumeau
530271;Le Tom Tip;;127 R. Paul Vaillant-Couturier;92240;Malakoff
530284;Le Brazza;Dimanche;123 Av. Aristide Briand;94110;Arcueil
530303;Tabac de la Gaïté;Dimanche;49 R. de la Gaîté;75014;Paris
530309;Le Nemrod;;124 R. Julian Grimau;94400;Vitry-sur-Seine
530310;Tabac Brazza;Samedi;28 Av. Eugène Thomas;94270;Le Kremlin-Bicêtre
530320;Tabac des Ecoles;Dimanche;79 R. de Paris;94220;Charenton-le-Pont
530332;Tabac Le Village;Lundi;3 R. Paul-François Avet;94000;Créteil
530356;Le Concorde;;19-21 Bd de Fontainebleau;91550;Paray-Vieille-Poste
530360;Tabac de la Mairie;Lundi;175 R. Paul Vaillant Couturier;94140;Alfortville
530361;Tabac Saint-Michel;;22 R. Saint-André des Arts;75006;Paris
530383;Presse - Tabac;Dimanche;9 R. de Blainville;75005;Paris
530415;Emy Café;Dimanche;0 CCAL  Belle Epine;94320;Thiais
530422;Tabac de la Gare;Dimanche;81 Bd de Brandebourg;94200;Ivry-sur-Seine
530428;Tabac des Plantes;;36-38 R. des Plantes;75014;Paris
530440;Le Marigny;Dimanche;7 Pl. Lucien Boilleau;91420;Morangis
530464;La Divette;Dimanche;63 Av. Aristide Briand;92120;Montrouge
530468;LE Longchamp;Lundi;99 Av. de la Division Leclerc;92290;Châtenay-Malabry
530470;Tabac WEN;Dimanche;20 R. Littré;75006;Paris
530479;Tabac des Ministères;;45 R. vaneau;75007;Paris
530480;Calumet des Halles;;47 R. Montorgueil;75002;Paris
530481;Tabac de Choisy;;47 Av. de Choisy;75013;Paris
530482;Le Royal Marigny;;26 Av. de Fontainebleau;94270;Le Kremlin-Bicêtre
530483;Civette St Michel;;137 Bd St-Michel;75005;Paris
530491;Civette du Centre;;4 R. Jean-Pierre Timbaud;92320;Châtillon
530494;Le Tabac du Chatelet;;8 R. Saint Denis;75001;Paris
530499;Le Rond Point;;18 Pl. Jean Jaures;92120;Montrouge
530514;Le Week End;Mercredi;31 Av. des Dahlias;94240;L'Haÿ-les-Roses
530524;Tabac Cave à Cigare;;20 Av. Bosquet;75007;Paris
530527;Tabac du Clos;;2 Bd du Col. Fabien;92240;Malakoff
530529;Maison de la presse;Dimanche;1 R. de Mesly;94000;Créteil
530530;La Bouffarde;;177 Bd Brune;75014;Paris
530536;Le Rothenburg;Dimanche;0 1-3 Pl. de Rothenburg;91200;Athis-Mons
530548;Café Le Dauphine;;17 R. Dauphine;75006;Paris
530551;Tabac de la Glacière;;89 R. de la Glacière;75013;Paris
530566;Le Stalingrad;Dimanche;58 Bd de Stalingrad;94600;Choisy-le-Roi
530579;L' aubrac;Dimanche;1 Av. Mar. de Lattre de Tassigny;94220;Charenton-le-Pont
530591;Le Nemrod;Dimanche;35 Bd. Aristide Briand;91600;Savigny-sur-Orge
540002;Tabac de la Tourelle;Mercredi;170 Av. de Paris;94300;Vincennes
540004;Tabac du Babylone;Dimanche;5 Av. Faidherbe;93310;Le-Pré-Saint-Gervais
540008;Le Saint-Laurent;;64 Bd Rouget de L'Isle;93100;Montreuil
540134;Tabac du Marché;Dimanche;56 Av. Georges Clemenceau;94700;Maisons-Alfort
540144;Le Watteau;Dimanche;7 Bd de Strasbourg;94130;Nogent-sur-Marne
540180;Civette du Globe;Lundi;107 Av. de Stalingrad;93240;Stains
540186;Tabac L'Élégance;Jeudi;67 Av. Gabriel Péri;93400;Saint-Ouen
540234;Le Flash;;25 Bd  Ornano;75018;Paris
540239;Le Maillot;Dimanche;78 Av. de la Grande Armée;75017;Paris
540260;Tabac Presse;Dimanche;36 Av. Simon Bolivar;75019;Paris
540358;Tabac-Presse-Loto;Dimanche;78 R. de Seine;75006;Paris
540402;Librairie Malakoff;Dimanche;59 Av. Pierre Larousse;92240;Malakoff
540473;Le Mont Vallon;Dimanche;5 R. de Vienne;75008;Paris
540629;Le Rénitas;Dimanche;102 Av. d'Argenteuil;92600;Asnières-sur-Seine
540633;Le Coq D'Or;Dimanche;88 R. du Faubourg-Saint-Martin;75010;Paris
540668;Collège de France;Dimanche;21 R. Jean de Beauvais;75005;Paris
510015;Le Maryland;Dimanche;7 Bd Jean Jaurès;92110;Clichy
510070;La Civette Du Parc;Dimanche;11 Esplanade Charles de Gaulle;92000;Nanterre
510073;Tabac de la Gare;Dimanche;1 R. Fernand Pelloutier;92800;Puteaux
510128;Tabac des 4 Temps;Dimanche;Ccial Les 4 Temps 2 Parvis de la Déf;92800;Puteaux
510173;Le Mozart;Dimanche;108 Av. Mozart;75016;Paris
510208;La Tabatière;Dimanche;58 Av. de Fouilleuse;92500;Rueil-Malmaison
510235;Le Vizir;Dimanche;42 R. Lafayette;75009;Paris
510257;Le Tabac de l'Ouest;Dimanche;43 R. d'Alsace;92300;Levallois-Perret
510301;Tabac de la Basiliqu;;2 R. Henri Barbusse;95100;Argenteuil
510322;Le Dunhill;Dimanche;38 R. de Rochechouart;75009;Paris
510352;Le Lutèce;Dimanche;380 R. de Vaugirard;75015;Paris
510381;Tabac du Rocher;Dimanche;91 R. du Rocher;75008;Paris
510393;Le Diplomate;;60 R. Pierre Timbaud;92230;Gennevilliers
510413;Tabac Le Village;Lundi;70 R. des Entrepreneurs;75015;Paris
510428;L'Européen;Dimanche;165 Bd de Verdun;92400;Courbevoie
510455;Le Rallye Villiers;Dimanche;3 Pl. de la Libération;92300;Levallois-Perret
510460;Le Brelan;Dimanche;2 Bd Léon Feix;95100;Argenteuil
510471;Le P'ti Bistrot;;62 R. Saint-Lambert;75015;Paris
510475;Le Flachat;Dimanche;35 R. de Chanzy;92600;Asnières-sur-Seine
510480;Le Terminus;Dimanche;4 Pl. Jacques Froment;75018;Paris
510484;Tabac - Presse;;76 R. Camille Desmoulins;92130;Issy-les-Moulineaux
510492;Le Narval;;2 R. du Gué;92500;Rueil-Malmaison
510502;Le Celtique;Dimanche;221 Av. Charles de Gaulle;92200;Neuilly-sur-Seine
510504;Tabac de la Tour;;51 R. de la Tour;75016;Paris
510157;Le Narval;Dimanche;72 R. Paul Vaillant-Couturier;92140;Clamart
510506;Le Maryland;Mercredi;24 R. de la République;92170;Vanves
510182;Le Comptoir du Parc;Dimanche;20 R. Cauchy;75015;Paris
510512;Le Narval;;17 R. des Dames;75017;Paris
510196;Le Marigny;Lundi;59 Bd Lefebvre;75015;Paris
510541;Tabac Franklin;;4 R. Benjamin Franklin;75016;Paris
510199;Le Fontenoy;Dimanche;36 R. Henri Barbusse;92000;Nanterre
510554;La boite à cigare;Dimanche;23 de Rome;75008;Paris
510229;Tabac de la Mairie;Dimanche;83 Bd Jean Jaurès;92110;Clichy
510570;Le Lutecia;;27 Av. Jean Baptiste Clément;92100;Boulogne-Billancourt
510232;Le Royal Tabac;Dimanche;99 Av. Edouard Vaillant;92100;Boulogne-Billancourt
510578;La Civette;Dimanche;1 R. Paul Vaillant Couturier;92140;Clamart
510233;Le Celtique;Dimanche;51 R. Aristide Briand;92300;Levallois-Perret
510580;L'Orangerie;Samedi;33 R. Jean Jaurès;92800;Puteaux
510251;Le Marigny;Jeudi;92 R. Danton;92500;Rueil-Malmaison
510591;Tabac de la Colline;Dimanche;37 R. d'Orléans;92210;Saint-Cloud
510259;Le Celtique;Lundi;5 R. du Tour de L'Étang;92350;Le Plessis-Robinson
510596;Le Havane;;63 Av. des Grésillons;92230;Gennevilliers
510278;Le Lamarck;;55 R. Lamarck;75018;Paris
510602;Tabac Loto Presse;Dimanche;43 R. des Aubépines;92000;Nanterre
510292;L‘Européen;;87 R. Maurice Thorez;92000;Nanterre
510605;Le Flash;;6 R. Ordener;75018;Paris
510299;Le Sénioritas;Dimanche;169 R. du Dr Bauer;93400;Saint-Ouen
510606;Presse du Chateau;;15 Av. du Chateau;95100;Argenteuil
510300;La Vitole;Dimanche;126 Bd Murat;75016;Paris
510611;La Coupole d' Argent;Dimanche;1 R. Chantecoq;92800;Puteaux
510321;Le Rocher St-Lazare;;5 BIS R. du Rocher;75008;Paris
510612;Le Saint Claude;Dimanche;11 AV. d' Argenteuil;92600;Asnières-sur-Seine
510339;Café Drouot;Dimanche;10 R. Drouot angle 4R. Rossini;75009;Paris
510619;La Royale;;2 Pl. de la Chapelle;75018;Paris
510341;Le Morzine;;63 R. Doudeauville;75018;Paris
510629;Tabac de la Gare;;22 Av. Jacques Jezequel;92170;Vanves
510378;L'Etincelle;Dimanche;294 R. Lecourbe;75015;Paris
510632;Mag Presse;Dimanche;CCial 25 Route d'Enghien;95100;Argenteuil
510383;Le Silly;Dimanche;143 R. de Silly;92100;Boulogne-Billancourt
510643;Tabac République;;63 Bd de la République;92100;Boulogne-Billancourt
510389;Presse'tige;Dimanche;191 Av. Napoléon Bonaparte;92500;Rueil-Malmaison
510655;Cité de la Presse;Mardi;29 R. Tristan Tzara;75018;Paris
510392;Le Montalegre;Lundi;118 Av. du Président Wilson;92800;Puteaux
510656;Tabac du Parc;;19 Av. du Maréchal Leclerc;92360;Meudon-la-Forêt
510407;Presse Le Protocole;Samedi;36BIS Square des Corolles;92400;Courbevoie
510660;Bar le Rallye;Dimanche;5 R. du Landy;92110;Clichy
510426;Le Celtic;Dimanche;1 R. Mademoiselle;75015;Paris
510670;Tabac le Chamois;;355 R. de Vaugirard;75015;Paris
510444;Tabac le Nazir;;56 R. des Abbesses;75018;Paris
520012;Librairie du Lycée;Dimanche;76 R. de Rosny;93100;Montreuil
510451;Le Lonchamps;;57 R. Jean Jaurès;92300;Levallois-Perret
520028;Tabac de L'Église;Dimanche;2 Av. Paul Doumer;93460;Gournay-sur-Marne
510458;A Rabelais;;32 R. de la République;92190;Meudon
520033;Le Madrigal;Dimanche;64 Av. Daniel Perdrige;93360;Neuilly-Plaisance
510470;Le Havane;;188 Av. de Versailles;75016;Paris
520056;Le Papyrus;Dimanche;CCial Route de Montfermeil;77500;Chelles
510477;Tabac des Victoires;Dimanche;1 Pl. des Victoires;92600;Asnières-sur-Seine
520128;Le Brazza;Dimanche;76 R. Roger Salengro;93700;Drancy
510479;Le Rallye;;79 Bd Barbes;75018;Paris
520147;Rougemont Presse;Dimanche;2 R. Pierre Brossolette;93270;Sevran
510483;Civette St-Charles;Dimanche;158 Rd-Pt St-Charles;75015;Paris
520165;Les Volutes;Dimanche;14 R.de Toulouse Ccl Les Flanades;95200;Sarcelles
510491;Le Clémenceau;;4 Quai Georges Clémenceau;78380;Bougival
520185;Le Bercy;Dimanche;6 R. Chambertin;75012;Paris
510500;Le Totem;Dimanche;81 Av du Gén. de Gaulle;92800;Puteaux
520228;Espace Tabac;Lundi;74 R. Jean Jaurès;77410;Claye-Souilly
510508;Le Voltaire;Dimanche;22 Bd Voltaire;92600;Asnières-sur-Seine
520255;Le Victor Hugo;;135 Av.  Jean Lolive;93500;Pantin
510521;Le Porte Plume;Dimanche;58 Av. Victor Cresson;92130;Issy-les-Moulineaux
520261;Les Copains;Dimanche;294 R. de Rosny;93100;Montreuil
510524;Le Nouveau Siècle;;156 Av. de Saint Ouen;75018;Paris
520268;Le Narval;Dimanche;95 Av. Jules Guesde;93240;Stains
510528;Librairie des Indes;;CCial Carrefour - 6 place Stendhal;78500;Sartrouville
510010;Le Balto;Dimanche;66 R. de la Sablière;92600;Asnières-sur-Seine
520273;L'Ecu de France;;95 Av. des Sciences;77500;Chelles
510539;Civette de Puteaux;Dimanche;65 Q. de Dion-Bouton;92800;Puteaux
510033;Tabac du Parc;Dimanche;26 R. Pierre Brossolette;92300;Levallois-Perret
520307;Le Rocher Fleuri;;52 Av. du Général Galliéni;94340;Joinville-le-Pont
510565;Tabac Haussmann;Samedi;46 R. de Laborde;75008;Paris
510050;Tabac du Golf;Dimanche;79 R. du 19 Janvier;92380;Garches
520327;Au Diplomate;Dimanche;68 R. Gabriel Péri;93200;Saint-Denis
510573;Le Dôme;Dimanche;1 R. Albert Dhalenne;93400;Saint-Ouen
510075;Le Tobacco;Dimanche;4 All. de L'Hôtel de Ville;92500;Rueil-Malmaison
520331;Au Petit Tabac;Dimanche;2 Av. Édouard Vaillant;93500;Pantin
510575;Saint Philippe Roule;Dimanche;68 R. de la Boétie;75008;Paris
510170;Les Tilleuls;Dimanche;13 Pl. de Stalingrad;92190;Meudon
520375;Le Drapeau;Dimanche;18 Av. de Paris;94300;Vincennes
510593;Le Balto;Dimanche;48 R. Gabriel Péri;92300;Levallois-Perret
510181;L‘Alliance;Dimanche;52-56 R. de la Croix-Nivert;75015;Paris
520402;Paristar;;88BIS Av. Parmentier;75011;Paris
510595;Le Presse Book;Lundi;12 R. Trébois;92300;Levallois-Perret
510192;Seventeen;Dimanche;17BIS R. Marcel Allegot;92190;Meudon
520410;Le Balto;Lundi;1 R. de Paris;93380;Pierrefitte-sur-Seine
510615;Tabac Place Pereire;;123 Bd Pereire;75017;Paris
510210;La Royale;Dimanche;165 R. du Fbg Poissonnière;75009;Paris
520416;Tabac du Marché;Lundi;56 R. des Héros Nogentais;94130;Nogent-sur-Marne
510617;Civette le Breizh;Dimanche;8 R. Georges Boisseau;92110;Clichy
510225;Le Kennedy;Dimanche;12 Av. de Versailles;75016;Paris
520425;Le Lutecia;Dimanche;36 R. Oberkampf;75011;Paris
510620;Le Drugstore;;112 R. Lauriston;75016;Paris
510231;Tabac du Théâtre;Dimanche;2 Pl. de Stalingrad;92150;Suresnes
520427;Tabac du Centre;Dimanche;64 R. Jules Guesde;93140;Bondy
510627;Le Jouffroy;;47 R. Jouffroy d'Abbans;75017;Paris
510234;Tabac des Ternes;Dimanche;108 Av. des Ternes;75017;Paris
520438;La Rame;;21 R. Philippe de Girard;75010;Paris
510636;Tabac Saint-Germain;;3 Cours l'Ancienne Boulangerie;92130;Issy-les-Moulineaux
510240;Le Valmy;Dimanche;4 Cours Valmy;92800;Puteaux
520439;Le Lutétia;Dimanche;47 R. de la Grange aux belles;75010;Paris
510637;Tabac les Rosiers;Dimanche;56 R. des Rosiers;93400;Saint-Ouen
510245;Tabac de Pigalle;Dimanche;34 R. la Bruyère;75009;Paris
520464;Le Rocher;Lundi;5 Bd  Marx Dormoy;93190;Livry-Gargan
510638;La Cave à Cigares;;27 R. de la Paix;92000;Nanterre
510260;Le Temps de Lire;Dimanche;9 rte du Pavé Blanc;92140;Clamart
520469;Le Tabac de Rivoli;;44 R. de Rivoli;75004;Paris
510641;Tabac de l'Arsenal;Dimanche;74 R. des Bons Raisins;92500;Rueil-Malmaison
510288;L'Ariel;;20 R. des Martyrs;75009;Paris
520472;Le Navigateur;Dimanche;103 Av. Simon Bolivar;75019;Paris
510642;LE SOYOUZ;;167 Bd des Provinces Françaises;92000;Nanterre
510317;La Civette Wagram;Dimanche;8 Av. de Wagram;75008;Paris
520478;Le Pont de Stains;;98 R. Sadi Carnot;93300;Aubervilliers
510645;la Civette de L'Ile;Dimanche;27 Bd du gèn. Leclerc;92000;Nanterre
510333;Le Chaptal;Dimanche;70-72 Bd des Batignolles;75017;Paris
520488;Le Saint-Germain;;120 R. de Bagnolet;75020;Paris
510650;Tabac - Presse;;54 R. Marcel Bontemps;92100;Boulogne-Billancourt
510335;Elysée;Dimanche;5 R. de Miromesnil;75008;Paris
520492;Tabac Le Larzac;;2 Av. de la Résistance;77500;Chelles
510652;la Libération;;8 Av.de la Libération;92230;Gennevilliers
510350;Le Cyrano;;110 R. des Bourguignons;92600;Asnières-sur-Seine
520495;Le Balto;;125 Bd  de Magenta;75010;Paris
510654;Le Renitas;;102 Av. d'Argenteuil;92600;Asnières-sur-Seine
510376;La Civette d'Auteuil;Dimanche;37 R. Chanez;75016;Paris
520509;Café Tabac Le Flach;Dimanche;64 Bd  Voltaire;75011;Paris
510664;Le Chiquito;Dimanche;3 R. de Colombes;92400;Courbevoie
510377;L'Atmosphère;Dimanche;5 R. de l'Abreuvoir;92400;Courbevoie
520516;Tabac La Gascogne;Dimanche;1 Sq. de la Gascogne;75020;Paris
510004;Le Boyard;Dimanche;2 Av. Michelet;93400;Saint-Ouen
520003;Tabac de la Mairie;Mercredi;3 R. de Paris;93230;Romainville
510396;Le Chiquito;Dimanche;112 R. St-Charles;75015;Paris
520520;La Navette de Bry;Samedi;1 Pl. Daguerre;94360;Bry-sur-Marne
510011;Le Tom Tip;Samedi;117 R. Victor Hugo;92300;Levallois-Perret
520009;Tabac d'Eden;Dimanche;82 Bd de Belleville;75020;Paris
510397;Les Jardinsde la Gar;Dimanche;155 Av. Maurice Utrillo;95100;Argenteuil
520522;Tabac de la Poste;;25 R. du Rendez-vous;75012;Paris
510038;L'Ariel;Dimanche;62 R. Baudin;92300;Levallois-Perret
520015;Tabac de l‘Avenue;Dimanche;48 Bd de la Liberté;94170;Le Perreux-sur-Marne
510402;Le Charles X;;100 R. de la Liberté;92150;Suresnes
520537;Tabac Le Reinit;;116 Cour de Vincennes;75012;Paris
510051;Le Clémenceau;Dimanche;276 Av. Georges Clémenceau;92000;Nanterre
520099;L'étoile des Roches;Dimanche;37 Cours des Roches;77186;Noisiel
510409;Royal Clichy;Dimanche;73 Av. de Clichy;75017;Paris
520550;Tabac Le Beau Relais;;129 Av. Jean Jaurès;93300;Aubervilliers
510067;Le Diplomate;Dimanche;117 R. Jean Jaurès;92800;Puteaux
520129;Le Voltigeur;Lundi;78 Av. Marceau;93700;Drancy
510424;Le Calumet;Dimanche;37 Av. Jean Jaurès;92150;Suresnes
520554;Le Terminus;;224 Av. du 8 mai 1945;93440;Dugny
510079;Le Tabalire;Dimanche;103 Av. Paul Doumer;92500;Rueil-Malmaison
520149;Villa Picta;Dimanche;4 Av. du parc de la Noue;93420;Villepinte
510427;La Tabatière;;156 Av. Jean Jaurès;95100;Argenteuil
520557;Le Narval;;93 R. d'Avron;75020;Paris
510178;Le Pavé des Gardes;Lundi;38 Route du Pavé des Gardes;92310;Sèvres
520164;Le Bloch Lainé;Dimanche;3 Pl. Bloch Lainé;95200;Sarcelles
510433;Le Maryland;Dimanche;23 R. de Villiers;92200;Neuilly-sur-Seine
520573;Royale Civette;Dimanche;164 R. de la Roquette;75011;Paris
510237;La Belle Colombes;Lundi;125 Av. de Stalingrad;92700;Colombes
520189;Le Résident;Dimanche;51 Bd  Soult;75012;Paris
510445;Le Cygne d'Enghien;Lundi;132 Av. Joffre;93800;Épinay-sur-Seine
520585;Lib. du Val de Marne;;70 R. du 11 Novembre;93330;Neuilly-sur-Marne
510239;Le Bistrot de Paris;;32 R. de Paris;93800;Épinay-sur-Seine
520233;Le Capitole;Dimanche;269 R. des Pyrénées;75020;Paris
510456;Civette Saint-Claude;Dimanche;4 Pl. du général Leclerc;92150;Suresnes
520595;Le Brelan;Dimanche;58 R. Beaubourg;75003;Paris
510243;Le Richelieu;;53 R. Haute;92500;Rueil-Malmaison
520245;La Consigne;;10 R. du 8 Mai 1945;75010;Paris
510457;Le Narval;Dimanche;120 R. Anatole France;92300;Levallois-Perret
520600;Le Vaillant;;130 Av. Paul Vaillant Couturier;93120;La Courneuve
510244;Au Départ;;251 Av. Jean Jaurès;92140;Clamart
520253;Tabac de La Gare;Dimanche;12 Pl. de la Gare;94350;Villiers-sur-Marne
510472;Le Balto;Lundi;1 R. de Stalingrad;92000;Nanterre
520617;Tabac Soult;;76 Bd  Soult;75012;Paris
510265;Aux Champarons;;44 Av. de Stalingrad;92700;Colombes
520272;Le Terminus;;10 R. de la Gare;93270;Sevran
510473;La Royale;Dimanche;91 R. Perronet;92200;Neuilly-sur-Seine
520618;Le Narval;;235 R. des Pyrénées;75020;Paris
510267;L'Energie;Dimanche;65 R. de Maubeuge;75009;Paris
520337;Le Métropole;Dimanche;32 R. de la République;93200;Saint-Denis
510489;Le Landy;Dimanche;1 Bd Jean Jaurès;93400;Saint-Ouen
520620;La Perle;;17 All. Anatole France;93390;Clichy-sous-Bois
510268;Le Disque Bleu;Dimanche;60 R. du Théâtre;75015;Paris
520338;Les Copains;;213 Av. Paul Vaillant-Couturier;93150;Le Blanc-Mesnil
510494;Presse L'Obélisque;;15 Imp. du Noyer Bossu;93800;Épinay-sur-Seine
520631;Le Triple 8;;157 R. de Charenton;75012;Paris
510284;Chez Ludo et Dia;;3 Pl. d'Isigny;78000;Versailles
520349;Le Lutétia;Dimanche;156 R. La Fayette;75010;Paris
510495;Etoile;Mercredi;323 Av. d'Argenteuil;92270;Bois-Colombes
520632;Tabac de la Place;;4 R. Raymond Radiguet;95200;Sarcelles
510296;Le Fumoir;;4 Pl. Paul Vaillant Couturier;92130;Issy-les-Moulineaux
520357;Espace Gambetta;Dimanche;20 R. Gambetta;77500;Chelles
510514;La Baraka;Dimanche;73 Av. de la République;92400;Courbevoie
520637;La Violette;;5 Bd de Saint-Denis;75003;Paris
510330;Tabac de la Mairie;Dimanche;66 R. de la Pompe;75016;Paris
520359;Presse du Quartier;;6 R. Léon;93600;Aulnay-sous-Bois
510516;Havannah Stock;Dimanche;3 R. Baudin  C.Cial Charas;92400;Courbevoie
520641;La Civette Daumesnil;Dimanche;242 Av. Daumesnil;75012;Paris
510332;Le Bistrot;Dimanche;34 Av. du Mar. Foch;95100;Argenteuil
520363;Le Flash;Mardi;3 R. Ste Marguerite;93500;Pantin
510518;Le Réveil Matin;Dimanche;135 R. de Ménilmontant;75020;Paris
520642;Le Totem;;96 Bd  Diderot;75012;Paris
510400;Tabac Le Versailles;Dimanche;16 R. de Versailles;92140;Clamart
520389;Le Saint-Claude;Dimanche;3 R. de Bagnolet;75020;Paris
510523;Le Lutetia;Dimanche;161 R. Legendre;75017;Paris
520645;Tabac Civette Brunet;Mercredi;2 Av de la Porte Brunet;75019;Paris
510401;Tabac du Marché;;10 Av. de la Libération;92350;Le Plessis-Robinson
520407;L'Aubisque;Lundi;113 R. des Pyrénées;75020;Paris
510526;Tabac de la Mairie;Dimanche;21 R. du Trosy;92140;Clamart
520649;Le Victoria;Dimanche;6 R. Saint-Martin;75004;Paris
510417;Tabac de la Gare;Lundi;9 Av. de l'Agent Sarre;92700;Colombes
520415;Le Saint-Sauveur;Dimanche;15 R. Eric de Saint-Sauveur;95200;Sarcelles
510529;La maison du Marais;Dimanche;53 R. Saint Paul;75004;Paris
520651;La Civette Bastille;Lundi;4 R. de la Bastille;75004;Paris
510421;Le Maryland;;139 R. Victor Hugo;92270;Bois-Colombes
520422;Le Carnot;Dimanche;1 Av. de Verdun;93230;Romainville
510532;Le Lutétia;Dimanche;127 bd Jean Jaurès;92100;Boulogne-Billancourt
520658;Tabac du Parc;;48 Av. Ledru Rollin;94170;Le Perreux-sur-Marne
510422;Le Café du Quartie;;228 R. de Championnet;75018;Paris
520429;Le Normandie;;109 R. de Charonne;75011;Paris
510535;Le Cigarium;;5 R. Godot de Mauroy;75009;Paris
520659;Tabac Le Brazza;;19 Av. du Général de Gaulle;94420;Le Plessis-Trévise
510423;Les Volutés;Dimanche;114 R. de la Convention;75015;Paris
520432;L'Amicale;;9 R. des Trois Bornes;75011;Paris
510540;Espace Tabac;;19 R. Jean-Pierre Timbaud;92130;Issy-les-Moulineaux
530006;Librairie Peupleraie;Dimanche;44 Bd Pasteur;94260;Fresnes
510431;Café de la Gare;Dimanche;19 R. Banes;92190;Meudon
520441;Tabac de l'Ourcq;;98 R. de l'Ourcq;75019;Paris
510544;Tabac art et galerie;Dimanche;177 R. de Vaugirard;75015;Paris
530033;Le Val Pompadour;Dimanche;70 Av. Henri Barbusse;94460;Valenton
510435;Tabac Becon;;11 Av. de la Liberté;92400;Courbevoie
520460;Le Brazza;Dimanche;7 Bd de la République;93130;Noisy-le-Sec
510547;Tabac BINEAU;Dimanche;204 Bd Bineau;92200;Neuilly-sur-Seine
530056;7ème Avenue;Dimanche;60 Av. de Paris;94800;Villejuif
510438;Tabac de New Nesles;Dimanche;114 R. de Sèvres;75015;Paris
520468;Le Calumet;;9 Av. Secrétan;75019;Paris
510549;Tabac Le Joli Mai;Dimanche;29 Av. du Général de Gaulle;92360;Meudon-la-Forêt
530062;Tabac - Presse;Dimanche;63 R. du Moulin de Saquet;94800;Villejuif
510440;Tabac de la Boule;Dimanche;5 Pl. de la Boule;92000;Nanterre
520482;Le Rallye;Jeudi;11 Av. Jean Jaurès;93300;Aubervilliers
510552;La Belle Polle;;21  Grande Rue;92310;Sèvres
530130;Tabac Ecole Centrale;Dimanche;0 1-3 Av. de la Division Leclerc;92290;Châtenay-Malabry
510449;Le Diplomate;;15 R. Singer;75016;Paris
520487;Presse Grande Vallée;Dimanche;1 Av. Georges Pompidou;95500;Gonesse
510558;Tabac Royal Moulin;;16 R. de Clignancourt;75018;Paris
530142;Le Celtique;Dimanche;25 Bd Auguste Blanqui;75013;Paris
510450;Le Hollywood;Dimanche;19 R. de Clichy;75009;Paris
520491;Tabac de La Mairie;Dimanche;26 Pl. de la Tour;93390;Clichy-sous-Bois
510559;Tabac de l'Europe;Dimanche;11 R. de Lisbonne;75008;Paris
530157;Tabac des Sports;Dimanche;35 Av.de la Porte de Choisy;75013;Paris
510453;Le Jean Bart;Dimanche;11 R. d'Estienne d'Orves;92270;Bois-Colombes
520494;Le Cyrano;Lundi;39 R. Eugène Masse;93190;Livry-Gargan
510560;Du Point du Jour;Samedi;23 Pl. Marcel Pagnol;92100;Boulogne-Billancourt
530159;Journaux - Presse;Dimanche;215 R. de Tolbiac;75013;Paris
510459;Le Madrilène;;197 Av. Charles de Gaulle;92200;Neuilly-sur-Seine
520497;Tabac Bastille;;21 R. Daval;75011;Paris
510561;Tabac de l'Est;Dimanche;72 Bd de Strasbourg;75010;Paris
530186;L'Arche 13;Lundi;82 Bd Masséna;75013;Paris
510464;Le Vizir;;173 R. Ordener;75018;Paris
520506;La Cave à Cigares;;4 Bd  de Denain;75010;Paris
510562;Le Victor Hugo;;175 Av. Victor Hugo;92140;Clamart
530192;Librairie Blanqui 13;Dimanche;85 Bd. Auguste Blanqui;75013;Paris
510466;L'Européen;;22 Av. de l'Europe;92310;Sèvres
520508;Tabac Krys;Dimanche;54 R. de Bagnolet;75020;Paris
510564;Civette Ponce;;14 R. Poncelet;75017;Paris
530194;La Bouffarde;Dimanche;124 R. de Tolbiac;75013;Paris
510468;Tabac aux sports;;41 R. Saint-Denis;92700;Colombes
520513;Tabac Peng;Lundi;/ Av.de la République C.Cial2000;77340;Pontault-Combault
510566;Kennedy Eiffel;Dimanche;16 Av. du pdt Kennedy;75016;Paris
530198;La Page Massena;Dimanche;96 Bd Massena;75013;Paris
510474;Le Balard;;3 Pl. Balard;75015;Paris
520528;Le Maryland;;20 Bd  d' Alsace-Lorraine;94170;Le Perreux-sur-Marne
510572;Le Flash;Dimanche;38 R. Paul Barruel;75015;Paris
530201;Café Lilou;Dimanche;62 Bd du Port Royal;75005;Paris
510481;Le Beau Site;Dimanche;140 bd de la République;92210;Saint-Cloud
520529;Tabac Au Balcon;Lundi;142 Bd  de Ménilmontant;75020;Paris
510577;Hotel de Ville Café;Dimanche;12 Rd-Pt du Souvenir Français;92250;La Garenne-Colombes
530206;Tabac Alfa;Dimanche;40 R. Monge;75005;Paris
510485;Les Arcades;Dimanche;4 R. Athime Rué;92380;Garches
520530;Le Fontenoy;Jeudi;2 Pl. du Square Pierre de Geyter;93200;Saint-Denis
510579;Le Lutetia;Dimanche;75 R. Victor Hugo;92300;Levallois-Perret
530210;Le Fontenoy;Dimanche;135 Av. de la Division Leclerc;92160;Antony
510486;Le Royal Exelmans;;171 Av. de Versailles;75016;Paris
520532;Le Mistral;;27 R. Etienne Dolet;93140;Bondy
510583;L‘Ariel;Dimanche;1 R. des Morillons;75015;Paris
530229;Tabac - Presse;Dimanche;43 Av. Henri Barbusse;92220;Bagneux
510490;Tabac de la Mairie;;5 Av. Gabriel Péri;95870;Bezons
520541;Civette de la Mairie;Dimanche;10 Pl. du Chamoine Héroux;93330;Neuilly-sur-Marne
510587;Le Victor Hugo;Dimanche;29 R. Victor Hugo;95870;Bezons
530233;Le Cigare- La Flamme;Dimanche;81-85 rte de Provins  C.C Pince Vent;94490;Ormesson-sur-Marne
510493;Le Marigny;Dimanche;97 Route de la Reine;92100;Boulogne-Billancourt
520544;Tabac du Centre;Dimanche;23 Av. de la Commune de Paris;95140;Garges-lès-Gonesse
510594;L'Ariel;Dimanche;197 R. Lecourbe;75015;Paris
530241;Le Perroquet Vert;;123 R. Paul Vaillant-Couturier;94140;Alfortville
510497;Le Pot à Tabac;;28 R. de la Pépinière;75008;Paris
520552;Tabac du Clos;Dimanche;23 R. de la Mogotte;77200;Torcy
510600;Tabac La Comète;;50 R. Marx Dormoy;75018;Paris
530272;Tabac de la Mairie;Dimanche;165 Av. du Maine;75014;Paris
510499;Royal Clichy;Dimanche;29 Bd du Gén. Leclerc;92110;Clichy
520553;Le Real;;63 R. du Moutier;93300;Aubervilliers
510604;Le Celtique;;204 R. de Coucelles;75017;Paris
530278;Au Fil des Jours;Dimanche;102 Av. de Paris;92320;Châtillon
510501;Tabac de l'empire;;64 R. Michel Ange;75016;Paris
520555;Tabac le Jollois;Dimanche;39 Bd  Pasteur;93120;La Courneuve
510608;Le Régence;Dimanche;76 Av. Henri Barbusse;92700;Colombes
530306;Le Havane;;102 R. Montorgueil;75002;Paris
510530;Les Favorites;;125 R. Cambronne;75015;Paris
520565;La Tabatière;Dimanche;31 R. Philibert Hoffmann;93110;Rosny-sous-Bois
510609;Cave à Cigares;Dimanche;94 Bd de Courcelles;75017;Paris
530307;Le Voltaire;Dimanche;1 Pl. Voltaire;92290;Châtenay-Malabry
510534;Le Maine-Anjou;;4 R. Jean Jaurès;92170;Vanves
520572;Bar Tabac Le Narval;;247 R. de Charenton;75012;Paris
510613;Tabac la Caravelle;;14 R. d' Amsterdam;75009;Paris
530318;Le Tom Tip;;48 R. Etienne Dolet;94140;Alfortville
510537;Tabac Beauregard;;67 Av. du 18 Juin 1940;92500;Rueil-Malmaison
520579;Le Joinville;Dimanche;3 Av. Jean Jaurès;94340;Joinville-le-Pont
510623;Le Magenta;Dimanche;1 Pl. Magenta;92210;Saint-Cloud
530340;Le Corona;;30 Q. du Louvre;75001;Paris
510543;Ets la Source;Dimanche;1 R. de la Source;92000;Nanterre
520583;Civette Télègraphe;;1 R. de Romainville;75019;Paris
510625;Café Tramway d'Issy;;267 R. Jean Jacques Rousseau;92130;Issy-les-Moulineaux
530350;Le Carvès;;130 Av. Aristide Briand;92120;Montrouge
510546;Le Celtique;Dimanche;33 R.  Villeneuve;92110;Clichy
520586;Vallée de Vinales;;262 R. du Faubourg St-Martin;75010;Paris
510630;Librairie Ste Marie;;9 R. Sainte-Marie;92400;Courbevoie
530357;Tabac Eiffel;;22 Av. de la Bourdonnais;75007;Paris
510548;La Divette de Clichy;;18 Av. de Clichy;75018;Paris
520593;Tabac Presse;;120 R. Hélène Cochonnec;93300;Aubervilliers
510644;Les Aviateurs;;37 Bd Victor;75015;Paris
530393;Tabac l'Observatoire;;166 Bd du Montparnasse;75014;Paris
510553;Le Napoléon 1er;Dimanche;115 Av. Albert 1er;92500;Rueil-Malmaison
520607;Le Madison;;93 Av. de la République;93300;Aubervilliers
510646;Tabac le Niel;;42 R. Pierre Demours;75017;Paris
530397;Le Jean Bart;Dimanche;81 Av. de Fontainebleau;94270;Le Kremlin-Bicêtre
510555;Civette Trinité;;69 R. Saint Lazare;75009;Paris
520621;Tabac du Chesnay;Dimanche;13 Pl. Tavarnelle;93220;Gagny
510649;Le Mousquetaire;Dimanche;97 R. de Verdun;92150;Suresnes
530406;Le Fer à Cheval;Lundi;73 Av. Adrien Raynal;94310;Orly
510569;Mag Presse;;41 R. de Sartrouville;95870;Bezons
520622;Tabac du Marché;Mardi;15 R. du Marché;93160;Noisy-le-Grand
510651;Le Jubillé 3;Mercredi;46 R. Gallieni;92500;Rueil-Malmaison
530419;Tabac des Olympiades;Mercredi;66 Av. d'Ivry;75013;Paris
510574;Tabac d'Orgemont;;57 Av. de Stalingrad;95100;Argenteuil
520626;Tabac Notre Dame;;3 R. Lagrange;75005;Paris
510653;Tab'shop Batignolles;;24 Pl. Charles Fillion;75017;Paris
530424;Le Condorcet;Mercredi;230 Av. de la République;94700;Maisons-Alfort
510582;Tabac Le Derby;Dimanche;15 R. la Boétie;75008;Paris
520643;Tabac Bord de Marne;Jeudi;181 R. Diderot;94500;Champigny-sur-Marne
510658;L'Euphrate;;34 Bd Edgar Quinet;92700;Colombes
530433;Tabac de la Gare;Dimanche;3 Pl.  de la Gare;91600;Savigny-sur-Orge
510584;Le Chiquito;;128 Bd Jean Jaurès;92110;Clichy
520644;Le Brazza;;140 R. Pierre Brossolette;93160;Noisy-le-Grand
510663;des Champs Philippe;;4 Pl des champs Philippe;92250;La Garenne-Colombes
530438;Tabac de l'Empire;;59 Bd de Stalingrad;94400;Vitry-sur-Seine
510586;Tabac du Marché;;2 R. Voltaire;92250;La Garenne-Colombes
520648;Le Celtique;Dimanche;1 R. Anatole France;93130;Noisy-le-Sec
510666;Le Gala;Dimanche;81 R. Gabriel Péri;92700;Colombes
530444;Librairie des Coteau;Dimanche;10 R. du Dr Roux;91160;Longjumeau
510590;Toute la presse;Dimanche;0 106-107 R. du point du jour;92100;Boulogne-Billancourt
520655;Tabac Pte des Lilas;;306 R. de Belleville;75020;Paris
510668;Le Rapide;Dimanche;31 R. d'Anjou;92600;Asnières-sur-Seine
530451;Café le Renoir;Dimanche;207 R. Raymond Losserand;75014;Paris
510592;Tabac 68;Dimanche;68 R. du Poteau;75018;Paris
530036;Au Petit Caporal;Dimanche;1 R.Eugène Renault;94700;Maisons-Alfort
520094;Le Cornillon;Dimanche;15 R. Cornillon;77100;Meaux
530456;Espace Tabac;;80 Bd Port-Royal;75005;Paris
510599;Tabac des Blanches;;33 Bd Henri Barbusse;78800;Houilles
530063;Le Dispan;Dimanche;3 R. Dispan;94240;L'Haÿ-les-Roses
520137;Café de La Gare;Dimanche;10 Pl. de la Gare;93420;Villepinte
530471;Le Narval;Dimanche;46 R. du Commerce;94310;Orly
510603;Le Saint-Claude;;42 Bd de Verdun;92400;Courbevoie
530093;Aux livres Valentin;Dimanche;CCial 14 Av. du Mar. Mortier;94510;La Queue-en-Brie
520143;Le Chiquito;Jeudi;135 Av. Henri Barbusse;93700;Drancy
530472;La Concorde;Lundi;120 R. d'Estienne d'Orves;91370;Verrières-le-Buisson
510610;La Civette des Arts;;62 R. Damrémont;75018;Paris
530103;Le Calumet;Dimanche;30 R. Notre-Dame-des-Champs;75006;Paris
520161;Café de la Gare;;5 Av. Pierre Sémard;95400;Arnouville
530505;Café des 2 Gares;Dimanche;102 Av. du Général Leclerc;92340;Bourg-la-Reine
510614;Les Volcans;;105 R. du Fbg Poissonnière;75009;Paris
530152;Tabac - Presse;Dimanche;156 R. de Tolbiac;75013;Paris
520163;Le Celtique;Dimanche;83 R. Pierre Brossolette;95200;Sarcelles
530520;Tabac Presse;;92 R. Youri Gagarine;94800;Villejuif
510621;Tbc de la République;Lundi;1 Pl. de la République;92110;Clichy
530169;Le Petit Flore;Dimanche;6 R. Croix des Petits Champs;75001;Paris
520177;Tabac du Vieux Pays;Dimanche;17 R. de Verdun;95140;Garges-lès-Gonesse
530531;Tabac Grand Vaux;Dimanche;1 R. Henri Ouzilleau Ccial;91600;Savigny-sur-Orge
510622;Le Celtic;;104 Av. de Saint-Ouen;75018;Paris
530183;L'Ariel;Dimanche;242 R. de Tolbiac;75013;Paris
520203;Tabac Presse Boutout;Dimanche;7 Pl. des Nations unies;93000;Bobigny
530534;Le Bardy;;193 Bd  Aristide Briand;91600;Savigny-sur-Orge
510624;La Rose des Sables;Dimanche;22 Bd Gouvion-St-Cyr;75017;Paris
530193;Le Chaperon Vert;Jeudi;14 Av. du Chaperon Vert;94110;Arcueil
520237;La Civette Dorée;Dimanche;3 Bd  Soult;75012;Paris
530535;Le Cardinal;Lundi;71 R. Pierre Mendes France;91380;Chilly-Mazarin
510626;L'Aviation;;2 Rd-Pt Victor Hugo;92130;Issy-les-Moulineaux
530205;La Civette;Dimanche;107 Av. du Gén. de Gaulle;94000;Créteil
520285;Café du Musée;Dimanche;110 Av. du 8 mai 1945;93150;Le Blanc-Mesnil
530537;Le Verdon;Dimanche;127 bis Av. Verdier;92120;Montrouge
510635;Le Chiquito;Dimanche;16 Bd de Finlande;92700;Colombes
530249;Tabac Tolbiac;Dimanche;34 R. de Tolbiac;75013;Paris
520293;La Terrasse;Dimanche;10 Bd du Mar. Foch;93330;Neuilly-sur-Marne
530553;Le Longchamps;;88 Av. Aristide Briand;91420;Morangis
510639;Tabac des Sablons;Dimanche;30 R. Greuze;75016;Paris
530253;Brasserie des Sports;Dimanche;8 R. Raspail;94200;Ivry-sur-Seine
520294;Tabac de la Mairie;Dimanche;43 R. Henri Barbusse;93370;Montfermeil
530555;Civette Nationale;;10 Pl Pinel;75013;Paris
510640;Le Mozart;Dimanche;11 Bis R. Mozart;92230;Gennevilliers
530255;Le Petit Paris;;39 Av. de la République;92120;Montrouge
520311;Tabac-Loto-Presse;;26 R. de Rivoli;75004;Paris
530556;Tabac le Plaisance;;4 cour Joseph Dewalle;91200;Athis-Mons
510648;La Rotonde Hébertine;;3 Pl. Hébert;75018;Paris
530263;Café de la Mairie;;1 R. de la Gare;92320;Châtillon
520315;Le Nemrod;Dimanche;97 R. Henri Langlois;93700;Drancy
530557;Le Mokaffé;Dimanche;125 Bd Paul Vaillant Couturier;94200;Ivry-sur-Seine
510657;Le Chiquito;;5 R. des Bas Rogers;92150;Suresnes
530277;Royal St Maurice;Lundi;56Ter Av.Mar. de Lattre de Tassigny;94410;Saint-Maurice
520329;La Régence;;5 Av. du 8 mai 1945;95200;Sarcelles
530558;Le Royal;Dimanche;36 R. Marcel Grosmenil;94800;villejuif
510659;Le Calumet;Dimanche;29 R. Ramey;75018;Paris
530289;Le Mozart;;105 Av. du 18 avril;91200;Athis-Mons
520352;Le Vizir;Lundi;10 Av. de la Division Leclerc;95170;Deuil-la-Barre
530559;Tabac Le France;;33 Av. Eva Salmon;94400;Vitry-sur-Seine
510665;Tabac Le Tocqueville;Dimanche;55 Bd Pereire;75017;Paris
530291;Tabac  Arago;Dimanche;53 Bd  Arago;75013;Paris
520376;Le Gallia;Dimanche;39 R. Saint-Ambroise;75011;Paris
530571;Le Totem;Dimanche;63 Av. Paul Vaillant-Couturier;94400;Vitry-sur-Seine
520013;Madi's Sons;Dimanche;92 R. de la Roquette;75011;Paris
530294;Le Café Frappé;Dimanche;95 R. Montmartre;75002;Paris
520377;Les Incorruptibles;Dimanche;102 Av. du Général de Gaulle;94160;Saint-Mandé
530584;Le Monde en Marche;;60 Av. de Paris;92320;Châtillon
520047;Virgule;Dimanche;3 R. des Renouillères;93360;Neuilly-Plaisance
530305;Le Rond-Point;Dimanche;123 R. Monge;75005;Paris
520391;Le Concorde;Dimanche;146 Av. Jean Jaurès;75019;Paris
530587;Le Gambetta;Dimanche;1 Pl. de Rimini;94100;Saint-Maur-des-Fossés
520063;Tabac de L'Époque;Mercredi;2 R. Joannes;93220;Gagny
530334;La Tabatière;Dimanche;17 Bd Montmartre;75002;Paris
520399;Le Ninos;Dimanche;203 Av. Elisée Reclus;93380;Pierrefitte-sur-Seine
530593;Tabac de La Gare;;7 Pl. du 8 Mai 1945;94310;Orly
520070;Tabac du Bois l'Abbé;Dimanche;2 Pl. Rodin;94500;Champigny-sur-Marne
530335;Tabac de la Reynie;Dimanche;26 R. de la Reynie;75001;Paris
520412;Les Arcades;Dimanche;68 Av. Daumesnil;75012;Paris
540046;Le Fontenoy St Mandé;Dimanche;7 Pl. Charles Digeon;94160;Saint-Mandé
520086;Plessis Presse;Dimanche;38 Av. Ardouin;94420;Le Plessis-Trévise
530337;Le Reinitas;Dimanche;6 Pl. Paul Froment;94400;Vitry-sur-Seine
520421;Bar Monte Christo;Dimanche;16 Grande Rue;93250;Villemomble
540085;Tabac - Presse;Dimanche;71 Av. Aristide Briand;92160;Antony
520112;Le Fuégo;Dimanche;80 Av. Lénine;93380;Pierrefitte-sur-Seine
530338;Le Mondial;Lundi;157 bis R. Jean Jaurès;94700;Maisons-Alfort
520440;La Mont Joie;;171 Av. du Pdt Wilson;93210;La Plaine-Saint-Denis
540095;Le Diplomate;Mardi;103 R. du Gén. Leclerc;94000;Créteil
520126;Le Chavannes;Jeudi;162 All. de Montfermeil;93220;Gagny
530364;L'Escale;;111 Av. de la République;91600;Savigny-sur-Orge
520443;Le Tabac du Barrage;Dimanche;149 R. Gabriel Péri;93200;Saint-Denis
540184;Le Havane;Dimanche;45 Bd Jean Jaurès;92110;Clichy
520170;Le Maracana;Dimanche;35 R. du Général Leclerc;95500;Gonesse
530370;Le Flash;Dimanche;47 R. Boulard;75014;Paris
520450;Tabac la Mutualité;Dimanche;44 R. Henri Barbusse;93200;Saint-Denis
540192;Le Winston;Dimanche;91 Av. du Roule;92200;Neuilly-sur-Seine
520195;Le Rallye;Dimanche;82 R. du faubourg saint-Antoine;75012;Paris
530380;Le Mirbel;;4 R. de Mirbel;75005;Paris
520458;Tabac Suzanne;Dimanche;24 Av. Suzanne Buisson;93140;Bondy
540217;Tabac Le Vinci;Dimanche;17 Av. Léonard de Vinci;92400;Courbevoie
520215;Tabac de la Gare;Dimanche;2 Pl. Auribault;77340;Pontault-Combault
530382;Pourquoi Pas;;136 Av. d'Italie;75013;Paris
520467;Le Rallye;;77 R. du Général de Gaulle;94350;Villiers-sur-Marne
540232;Cépage Montmartrois;Dimanche;65 R. Caulaincourt;75018;Paris
520248;Le Voltigeur;Dimanche;136 R. des Couronnes;75020;Paris
530384;Maison de la Presse;Dimanche;137 Bd Auguste Blanqui;75013;Paris
520474;Tabac La Gitane;;3 R. Lassus;75019;Paris
540238;Tabac Point Presse;Dimanche;2 R. Frédéric Schneider Hall 1;75018;Paris
520251;Tabac des Colonnes;Dimanche;6 Cour de Vincennes;75012;Paris
530395;Le Paris Duquesne;Dimanche;41 Av. Duquesne;75007;Paris
520480;Le Jean Bart;;129 R. du Faubourg du Temple;75010;Paris
540259;Le Rendez Vous;Dimanche;10 Bd de la Villette;75019;Paris
520292;Le Marigny;;76 Av. de Flandre;75019;Paris
530396;Tabac - Presse;;8 Bd Montaigut;94000;Créteil
520481;L'Harmonie;;16 R. du Faubourg du Temple;75011;Paris
540349;Les Facultés;Dimanche;110 R. d'Assas;75006;Paris
520303;Civette du Bourget;Dimanche;15 R. Étienne Dolet;93350;Le Bourget
530398;Tabac Store 65;Dimanche;65 Bd Kellermann;75013;Paris
520490;Tabac de l'église;Lundi;0 2-4 R. du Général Gallieni;93110;Rosny-sous-Bois
540361;La Royale;Dimanche;80 R. de l'Am. Mouchez;75014;Paris
520313;L‘Européen;Dimanche;CCial du Champy-9 all Bat Hildevert;93160;Noisy-le-Grand
530409;ALPHA;Dimanche;22 R. Boucicaut;92260;Fontenay-aux-Roses
520498;Le Chiquito;;38 R. Levert;75020;Paris
540376;Tabac du Dôme;;108 Bd du Montparnasse;75014;Paris
520321;Le Bar des Amis;Lundi;38 Chemin de Groslay;93000;Bobigny
530418;Le Longchamps;Dimanche;21 R. de la Butte aux Cailles;75013;Paris
520500;Bar Le Diplomate;Samedi;48 Av. du Général Michel Bizot;75012;Paris
540440;Moulin d' Auteuil;Dimanche;75 R. d'Auteuil;75016;Paris
520326;Le Troquet du Temple;Dimanche;9 R. du Temple;75004;Paris
530429;Tabac des Catacombes;Dimanche;41 Av. du Gén. Leclerc;75014;Paris
520510;Le Balto;Dimanche;190 Bd  de Stalingrad;94500;Champigny-sur-Marne
540474;Le Castel;Dimanche;5 Av. de Suffren;75007;Paris
520332;La Royale;;15 Chemin d'Aubervilliers;93200;Saint-Denis
530441;Le Diplomate;;57 Av.de la République;94260;Fresnes
520521;Le Strasbourg;Lundi;1 Bd de Strasbourg;93600;Aulnay-sous-Bois
540486;Press'tation;Dimanche;45BIS R. de Vouillé;75015;Paris
520333;Le Narval;Dimanche;100 Bd de la Villette;75019;Paris
530448;Les Oliviers;Dimanche;66 R. Claude Bernard;75005;Paris
520527;Tabac-Presse;;2 R. Gaston Philippe;93200;Saint-Denis
540496;Le Liège;Dimanche;45 R. d'Amsterdam;75008;Paris
520340;Tabac-Presse;Dimanche;35 Bd  Aristide Briand;93100;Montreuil
530449;Café du Centre;;264 R. du Mar. Leclerc;94410;Saint-Maurice
520540;Civette de Pavillons;Dimanche;116 Av. Jean Jaurès;93320;Les Pavillons-sous-Bois
540528;Tabac des Petits C;Dimanche;43 R. des Petits-Champs;75001;Paris
520341;Le Royal;Dimanche;140 R. de la Jarry;94300;Vincennes
530455;Le Balto;;74 R. de Sèvres;75007;Paris
520546;Tabac Le Verdun;Jeudi;72 Bd  de Verdun;94120;Fontenay-sous-Bois
540548;La Civette de Bercy;;4 Pas. Saint-Emilion;75012;Paris
520344;Ambiance J;Dimanche;1 CCial du Val de Fontenay;94120;Fontenay-sous-Bois
530466;Le Tabarium;Dimanche;27 Av. des Gobelins;75013;Paris
520547;Tabac le Jaurès;;203 Av. Jean Jaurès;93000;Bobigny
540562;La Terrasse;Dimanche;1 Pl. Lachambeaudie;75012;Paris
520346;Le Belwo;;63 Av. Louis Aragon;93000;Bobigny
530469;Le Brazza;Dimanche;9 R. de Sevres;75006;Paris
520548;Tabac du Marché;Lundi;5 R. Jacques Duclos;93600;Aulnay-sous-Bois
540593;Au Bon Tabac;Dimanche;20 R. Émile Raspail;94110;Arcueil
520367;Tabac des Rigollots;Dimanche;153 R. Defrance;94300;Vincennes
530487;L'Escale;Dimanche;14 Av. de Verdun;94200;Ivry-sur-Seine
520549;Tabac Au Scribe;Lundi;18 R. Albert Thomas;94500;Champigny-sur-Marne
540598;Les Maréchaux;Dimanche;2 Av. Joffre;92380;Garches
520370;Tabac  Marronniers;Dimanche;4 All. de Gagny (C.Cial);93390;Clichy-sous-Bois
530490;Café de la Mairie;;5 R. d' Estienne d' Orves;94380;Bonneuil-sur-Marne
520556;Le Jean Bart;;137 Av. du Général de Gaulle;94170;Le Perreux-sur-Marne
540611;Victoria;Dimanche;106 Av. Anatole France;94400;Vitry-sur-Seine
520386;L'Harmonie;Lundi;1  Av. des Pyramides C.CIAL CARR;77420;Champs-sur-Marne
530492;Tabac du Languedoc;Dimanche;6 R. d'Alger;91300;Massy
520560;Le Café de la Gare;Samedi;22 Av. de la République;93110;Rosny-sous-Bois
540615;Le Marly;Dimanche;54 Av. du Roule;92200;Neuilly-sur-Seine
520388;L'Imprévu;Dimanche;1 Av. Paul Vaillant Couturier;93120;La Courneuve
530498;Stardust;;151 R. Houdan;92330;Sceaux
520563;Café Tabac leTiercé;Dimanche;3 Pl. Auguste Metivier;75020;Paris
540618;Le Cyrano;Dimanche;6 Pl. de la Gare des Vallées;92250;La Garenne-Colombes
520392;Le Saint-Claude;Dimanche;54 Av. Jean Lolive;93500;Pantin
530501;La Civette de l'Alma;;15 Av. Rapp;75007;Paris
520564;Le Magnanou;Dimanche;33 Av. Gallieni;93130;Noisy-le-Sec
540625;Le Villiers;Dimanche;100 Av. Pasteur;93100;Montreuil
520401;Civette de Bobigny;Dimanche;90 Bd  Maurice Thorez;93000;Bobigny
530503;La Tabatière;;80 Av. Marcellin Bethelot;92320;Châtillon
520569;Tabac du Parc;;37 Av. Nelson Mandela;94350;Villiers-sur-Marne
540626;Au Soleil Levant;Dimanche;83 Av. Victor Hugo;92170;Vanves
520406;Librairie Fontaine;Dimanche;14 R. Arthur Fontaine;93700;Drancy
530508;Le Gaulois;Dimanche;101 Av. de la République;92120;Montrouge
520578;Le Disque Bleu;Dimanche;23 R. de Wattignies;75012;Paris
540643;La Pointe Presse;Dimanche;1945 Av. Roger Salengro;92370;Chaville
520417;Le Diplomate;Dimanche;52 Bd  Pasteur;93380;Pierrefitte-sur-Seine
530521;La Civette Brea;;54 R. Notre Dame des Champs;75006;Paris
520581;Tabac d' Hugo;;2 Av. Victor Hugo;93320;Les Pavillons-sous-Bois
540669;La Fontaine St Miche;;3 Bd Saint-Michel;75005;Paris
520424;Le Saint-Claude;Lundi;101 R. Claude Decaen;75012;Paris
530526;La Bonne Fortune;Dimanche;65 Av. François Mitterrand;94000;Créteil
520589;Le Royal 4 Chemins;Lundi;70 Av. Jean Jaurès;93500;Pantin
520434;Tabac des 4 Routes;;52 Av. Paul Vaillant Couturier;93120;La Courneuve
530528;La Civette 14;Dimanche;141 R. Raymond Losserand;75014;Paris
520592;Tabac des Vosges;Lundi;25 R. de Turennes;75004;Paris
520436;Tabac de La Gare;Mercredi;6 Pl. Robert Belvaux;94170;Le Perreux-sur-Marne
530542;Le velocivette;Dimanche;22 R. de Turbigo;75002;Paris
520596;Tabac Le Pomelo;Dimanche;80 Bd  Maxime Gorki;93240;Stains
520448;La Source;;7 R. de Paris;93000;Bobigny
530544;Le Naja;Dimanche;56 Av. des Gobelins;75013;Paris
520601;La Porte de Chaumont;;84 R. Manin;75019;Paris
520455;Le Celtique;Dimanche;1 Bd  Paul Vaillant Couturier;93700;Drancy
530545;Le  Bretagne;;2 R. de la République;92220;Bagneux
520602;Le Gavroche;;49 Bd  de Reuilly;75012;Paris
520456;Le Lonchamps;;69 Av. du Mar. Leclerc;93190;Livry-Gargan
530560;Halle de Presse;Dimanche;12 All. du Commerce;94000;Créteil
520628;Le Marigny;;298 R. des Pyrénées;75020;Paris
520457;Le Virginie;;1 R. de Reuilly;75012;Paris
530565;Civette  l'Assemblée;;17 R. de Bourgogne;75007;Paris
520630;La Fouchette;;1 Av. du Général de Gaulle;94500;Champigny-sur-Marne
520459;Tabac Kas;Dimanche;CCial Parinor-le haut de Gally;93600;Aulnay-sous-Bois
530567;Le Bicêtre;Dimanche;16Ter Bd Chasteney de Géry;94270;Le Kremlin-Bicêtre
520633;Le Voltaire;;130 Bd  Voltaire;75011;Paris
520504;Tabac de la Mairie;;2 R.Mechin;93450;L'Île-Saint-Denis
530568;Le Jean Nicot;;432 Av. de la Division Leclerc;92290;Châtenay-Malabry
520636;Café Robin;;47 Av. Paul Doumer;93330;Neuilly-sur-Marne
520505;La Civette du Raincy;Lundi;8 Pl. du Général de Gaulle;93340;Le Raincy
530569;Café Hotel de Ville;;7 Pl. Henri Barbusse;91550;Paray-Vieille-Poste
520647;Le Robespierre;;83 R. Robespierre;93170;Bagnolet
520507;Village des Fêtes;;15/17 R. Henri Ribière;75019;Paris
530570;La Bonne Fortune;;82 Bd Paul Vaillant Couturier;94200;Ivry-sur-Seine
530079;A l'Hirondelle;Dimanche;9 rte de la Libération;94430;Chennevières-sur-Marne
520517;Bar-Tabac Le Start;Dimanche;219 Av. Pierre Brossolette;94170;Le Perreux-sur-Marne
530572;Le St-Exupéry;Dimanche;14 Voie des Saules;94310;Orly
530084;Le Liberté;Dimanche;9 Pl. des Libertés;94380;Bonneuil-sur-Marne
520518;Civette de Bel Est;Dimanche;28 Av. du Général de Gaulle;93170;Bagnolet
530573;La Royale;Dimanche;122 R. Marius Sidobre;94110;Arcueil
530165;Maison de la Presse;Dimanche;7 R. Elsa Morante;75013;Paris
520534;Karr Presse;;37 R. Alphonse Karr;75019;Paris
530576;Le Disque Bleu;;68 Av. Henri Ginoux;92120;Montrouge
530181;La Croix d'Arcueil;Dimanche;71 Av. Aristide Briand;94110;Arcueil
520545;Tabac des 6 Routes;;1 R. Saint-Denis;93120;La Courneuve
530580;Tabac des Julliottes;Dimanche;22 Cours des Julliottes;94700;Maisons-Alfort
530219;La Cerisaie;Jeudi;5 All. des Fleurs;94260;Fresnes
520559;Tabac de l' Avenue;Lundi;85 Av. de la République;94500;Champigny-sur-Marne
530590;Tabac le Balto;;28 Grande Rue;91260;Juvisy-sur-Orge
530234;Tabac Ile de France;Dimanche;33 Av. de Paris;94800;Villejuif
520568;Le Royal FV;Dimanche;76 R. Jean Jaurès;93240;Stains
530592;Tabac des Tuileries;;200 R. de Rivoli;75001;Paris
530236;Le Centre Ville;Dimanche;25 Pl. Salvador Allende;94140;Alfortville
520571;La Civette de Chanzy;Dimanche;4 Bd  de Chanzy;93190;Livry-Gargan
540007;Le Royal;Lundi;40 Bd du Général Leclerc;93260;Les Lilas
530266;Le Centenaire;;27 Bd de la Tour Maubourg;75007;Paris
520574;Le Saint-louis;Dimanche;37 R. des Deux Ponts;75004;Paris
540024;Le Berry;Dimanche;64 Bd de la Libération;94300;Vincennes
530280;Le Monge;Lundi;77 R. Monge;75005;Paris
520576;Tabac Le Brazza;Lundi;186 Grande Rue Charles De Gaulle;94130;Nogent-Sur-Marne
540028;La Paix;Mercredi;148 R. des Ruffins;93100;Montreuil
530292;Maxi Tabac;Dimanche;17BIS Av. Maximilien Robespierre;94400;Vitry-sur-Seine
520582;Tabac du Canon;Dimanche;2 Pl. de la Nation;75012;Paris
540044;L'Étoile D'Or;Dimanche;94 Av. Philippe Auguste;75011;Paris
530329;Tabac de la Mairie;Dimanche;114 R. de Grenelle;75007;Paris
520587;Le Murattis;;2 R. de Lyon;75012;Paris
540061;Le Royal Parmentier;Dimanche;17 Av. Parmentier;75011;Paris
530341;Tabac Créteil Soleil;Dimanche;0 CCial Créteil Soleil Porte 23;94000;Créteil
520594;Le New Rallye;Dimanche;10 Route de Saint Leu;93430;Villetaneuse
540084;Tabac de la Tour;Dimanche;15 R. de la Tour;94550;Chevilly-Larue
530347;Tabac le Gallia;;54 Av. Raspail;94250;Gentilly
520597;Le Baccara;;66 R. de Belleville;75020;Paris
540123;Au Petit Robinson;Lundi;1 Av. Henri Barbusse;94240;L'Haÿ-les-Roses
530376;Café des Sports;Mercredi;70 Av. Galois;92340;Bourg-la-Reine
520598;Le Wilson;;176 Av. du Président Wilson;93100;Montreuil
540124;Tabac 3 F;Mercredi;2BIS Av. du 25 août 1944;94320;Thiais
530377;Les Sports;;96 Av. de Verdun;94200;Ivry-sur-Seine
520605;Le Shelby;Dimanche;24 R. Girardot;93170;Bagnolet
540136;Le Disque Bleu;Dimanche;29 Av. Paul Vaillant-Couturier;94800;Villejuif
530381;Le Paris Rome;Lundi;11BIS Av. Louis Pasteur;92220;Bagneux
520606;Le Dragon de Havane;Dimanche;246 Bd  Aristide Briand;93100;Montreuil
540142;Bonn' News;Dimanche;3 Av. du Bicentenaire;94380;Bonneuil-sur-Marne
530391;Au Buisson;;28 R. d'Estienne d'Orves;91370;Verrières-le-Buisson
520612;Le Royal Tabac;;58 Av. Ledru Rollin;75012;Paris
540176;Le Khedive;Dimanche;3 Pl. Victor Hugo;93200;Saint-Denis
530392;Le Narval;Dimanche;58 R. Jeanne d'Arc;75013;Paris
520614;La Civette Davout;;108 Bd Davout;75020;Paris
540191;Le Royal Club;;222 Av. du président Wilson;93210;La Plaine-Saint-Denis
530400;Le Chiquito;Dimanche;61 Av. du Gén. de Gaulle;94700;Maisons-Alfort
520619;Le Divin;Lundi;7 Pl des Nations Unies;93000;Bobigny
540200;Le Brazza;Dimanche;6 R. du Château;92200;Neuilly-sur-Seine
530417;Tabac Bac St-Germain;;66 R. du Bac;75007;Paris
520623;Le Balto;Lundi;229 Av. Jean Jaurès;93700;Drancy
540255;Le Marigny;;1 Av. Laumière;75019;Paris
530420;Le Royal 16;;16 R. Charles de Gaulle;94140;Alfortville
520638;Le Calumet;;76 R. de Paris;93260;Les Lilas
540257;Tabac L'Horloge;Dimanche;212 Av. Jean Jaurès;75019;Paris
530430;Le Bac Saint-Michel;;97 Bd Saint-Michel;75005;Paris
520639;Civette de Pelleport;Dimanche;127 Av. Gambetta;75020;Paris
540269;Le Bolivar;Dimanche;125 Av. Simon Bolivar;75019;Paris
530432;Café Milan;Mercredi;73 Av. Rouget de l'Isle;94400;Vitry-sur-Seine
520650;Le Grand Paris;;13 Bd  Gallieni;93360;Neuilly-Plaisance
540276;Le Reilhac;Mardi;63 R. du Fbg Saint-Denis;75010;Paris
530446;Le 7 ème Art;;84 R. Raymond Losserand;75014;Paris
520654;Tabac Roquette;Dimanche;41 R. de la Roquette;75011;Paris
540297;La Havane;;4 Pl. de Clichy;75009;Paris
530447;Le Mogador;;197 R. de Paris;94220;Charenton-le-Pont
520657;Dido Café;;113 R. de Charenton;75012;Paris
540310;Le Reinitas;Dimanche;18 R. du Poteau;75018;Paris
530454;Civette de la coupol;Dimanche;3 Pl. des Marseillais CCAL;94220;Charenton-le-Pont
530140;La Corona;Dimanche;21 Bd Saint-Michel;75005;Paris
540346;Maison De La Presse;Dimanche;95 Av. Henri Barbusse;93700;Drancy
530460;Le Week End;Dimanche;59 R. de Turbigo;75003;Paris
530197;Tabac Anaïs;Dimanche;12 Bd  Vincent Auriol;75013;Paris
540360;Le Maryland;Dimanche;108 R. Didot;75014;Paris
530462;Le Diplomate;;2 Pl. Jacques Tati;94100;Saint-Maur-des-Fossés
530228;La Civette d'Alésia;Dimanche;220 Av. du Maine;75014;Paris
540391;Librairie - Presse;Dimanche;29 Bd de Stalingrad;92240;Malakoff
530463;Le Gambetta;;14 R. Gambetta;92240;Malakoff
530251;Tabac St-Germain;;64 R. de Seine;75006;Paris
540430;Le Bleu;Dimanche;22 R. Denfert-Rochereau;92100;Boulogne-Billancourt
530465;Tabac Edgar Quinet;;36 R. Delambre;75014;Paris
530264;Le Patio;;5 R. du Docteur Roux;92330;Sceaux
540455;Tabac des Musées;Dimanche;7 Av. Pierre 1er de Serbie;75016;Paris
530476;Le Royal;Dimanche;9 R. de Chevilly;94240;L'Haÿ-les-Roses
530279;Le Milton;Dimanche;25 Av. Vladimir Ilitch Lénine;94110;Arcueil
540515;Le Muguet;Dimanche;1494 Av. Roger Salengro;92370;Chaville
530484;Le Week End;Dimanche;36 R. Gay Lussac;75005;Paris
530285;Le Rallye;;81 R. de la Tombe Issoire;75014;Paris
540552;Tabac Montgallet;Dimanche;56 R. Jacques Hillairet;75012;Paris
530485;Librairie du Parc;Dimanche;13 Av. de la Division Leclerc;94230;Cachan
530313;Le Kennedy;Dimanche;90 R. Garibaldi;94100;Saint-Maur-des-Fossés
540563;Iris Café;Dimanche;2 Bd. de Picpus;75012;Paris
530488;Cave a Cigares;Dimanche;23 Av.de la Motte Picquet;75007;Paris
530315;Le Commerce;;56 Av. du Gén Leclerc;92340;Bourg-la-Reine
540570;Le Progrès;Dimanche;1 R. de Bretagne;75003;Paris
530489;Totem;Dimanche;27 R. Falkirk;94000;Créteil
530317;Clair de Plume;Dimanche;34 Av. Youri Gagarine - C.Cial;94400;Vitry-sur-Seine
540583;Librairie-Papeterie;Dimanche;28 R. Charles Frérot;94250;Gentilly
530500;Tabac de Grenelle;Dimanche;206 R. de Grenelle;75007;Paris
530319;Café de l'Université;Dimanche;151 R. de l'Université;75007;Paris
540627;Le Tabac du Terminus;Dimanche;8 Pl. de la Porte de Saint-Cloud;75016;Paris
530507;La Civette;;29 Av. de la République;94700;Maisons-Alfort
530322;Tabac St-Germain;Dimanche;54 Bd Saint-Germain;75005;Paris
540660;La Bouffarde Opéra;Dimanche;32 R. Caumartin;75009;Paris
530509;Tabac Le Marijan;Dimanche;20 Bd Arago;75013;Paris
530336;Tabac de la Mutualit;Samedi;13 R. Monge;75005;Paris
540661;Habanos;Dimanche;32 bd Richard-Lenoir;75011;Paris
530512;Tabac de Patay;;75 R. Patay;75013;Paris
530342;Le Café Noisette;;93 R. Pascal;75013;Paris
530516;Tabac de la Mairie;Dimanche;2 Pl. de l'Eglise;91200;Athis-Mons
530378;Le Fortville;Lundi;106 R. Véron;94140;Alfortville
530517;Le Jean Bart;;155 Av. de Morangis;91200;Athis-Mons
530385;Les Tilleuls;Dimanche;148 Av. Mar. de Lattre de Tassigny;94320;Thiais
530518;Civette;Dimanche;18 Bis Bd Maréchal Juin;91370;Verrières-le-Buisson
530387;Le Jeanne d' Arc;;2 R. Jeanne d'Arc;75013;Paris
530522;Café de l' Europe;Dimanche;79/81 Av. Pierre Brosselette;92120;Montrouge
530390;Le Saint Mandé;Dimanche;41-43 R. Linné;75005;Paris
530540;Le Fontenoy;Samedi;120 Av. Ernest Havet;94400;Vitry-sur-Seine
530405;Papeterie - Presse;Lundi;131 Bd Stalingrad;94400;Vitry-sur-Seine
530541;Tabac de la Gare;Dimanche;17 Av. Malleret Joinville;94140;Alfortville
530407;Tabac des Roses;;106 108 R. de Bicêtre;94240;L'Haÿ-les-Roses
530543;Love Tabac;Dimanche;CCial rte du Luxembourg, Belle épine;94320;Thiais
530421;Tabac - Presse;;1 Pl. de la Libération -CCAL;91380;Chilly-Mazarin
530550;Tabac Presse;;81 Av. du Général de Gaulle;94240;L'Haÿ-les-Roses
530436;Le Saint-Laurent;;55 R. du Père Corentin;75014;Paris
530552;Tabac - Presse;;129 Bd Masséna;75013;Paris
530453;Le Fontenoy;Dimanche;37 R. Raymond Losserand;75014;Paris
530554;Le Calumet;;36 Av. Mazarin C.C.de Bel Abord;91380;Chilly-Mazarin
530457;Tabac Pte d'Orléans;;134 Av. du Général Leclerc;75014;Paris
530562;Mag Presse;Dimanche;2 Pl. Mar. de Lattre de Tassigny;94550;Chevilly-Larue
530473;Le Vieux Moulin;;75 R. Maurice Thorez;94200;Ivry-sur-Seine
530563;La Rotonde;;7 Pl. du 25 Août 1944;75014;Paris
530475;Le Bergerac;;9 R. Verollot;94800;Villejuif
530564;Le Longchamps;Jeudi;34 Av. de Verdun;94200;Ivry-sur-Seine
530478;Le rouget de l'isle;;7 Av. Jean Jaures;94600;Choisy-le-Roi
530578;Tabac du Pont;Lundi;90 R. François Mitterrand;91160;Longjumeau
530486;Le Marigny;Dimanche;92 R. Didot;75014;Paris
530582;Le Rallye;Dimanche;77 R. Jean Jaures;94800;Villejuif
530495;Le bardinet;;179 R. d' Alésia;75014;Paris
530583;Le Royal Bleuet;;115 R. Chéret;94000;Créteil
530496;Tabac du lion;;5 Av. du Général Leclerc;75014;Paris
530586;Civette Rennes;;111 R. de Rennes;75006;Paris
530497;La Table de Bézout;;31 R. Bézout;75014;Paris
530588;Fontaine aux Roses;;110 R. Boucicaut;92260;Fontenay-aux-Roses
530502;Couleurs;;4 Av. Jules Ferry;92240;Malakoff
530589;Tabac Horizon 3000;;1 Avenue de l'Europe- Ccial Cora;91300;Massy
530504;Tabac Le Lutécia;;14 Av. de Tourville;75007;Paris
530594;Le Rond Point;Dimanche;3 Av. de Lorraine;94550;Chevilly-Larue
530506;Le Tabaclub;;45 Av. d' Italie;75013;Paris
540009;Tabac - Presse;Dimanche;160 R. de la République;93230;Romainville
530510;Le Clémenceau;;36 R. Georges Clémenceau;94600;Choisy-le-Roi
540057;Tabac Saint Antoine;Dimanche;203 R. du Faubourg Saint-Antoine;75011;Paris
530511;Le Gitane;Lundi;110 Av. du Colonel Fabien;94400;Vitry-sur-Seine
540079;Civette des Gondoles;Mercredi;64 Av. Victor Hugo;94600;Choisy-le-Roi
530515;La Tabacase;;30 Av. d' Italie;75013;Paris
540083;Le Fontenoy;Lundi;34 Av. François Mitterrand;91200;Athis-Mons
530519;Tabac Presse;;11 Av. du Général Pierre Billotte;94000;Créteil
540188;Au Havane;Dimanche;9 R. de la Station;92600;Asnières-sur-Seine
530523;Le Noyer Renard;Dimanche;1 R. des Froides Bouillies;91200;Athis-Mons
540199;Kiosque de la Mairie;Dimanche;133 Av. Achille Peretti;92200;Neuilly-sur-Seine
530525;Cherche Midi Presse;;50-52 R. du Cherche-Midi;75006;Paris
540247;Le Clignancourt;Vendredi;79 Bd Ornano;75018;Paris
530533;Tabac Presse Eglise;Dimanche;9 Pl. de l' Eglise;94260;Fresnes
540251;Le Marigny;Dimanche;30 R. des Batignolles;75017;Paris
530538;Le Montana;Dimanche;21Ter Bd de Stalingrad;92240;Malakoff
540283;Galaxie Millionnaire;Dimanche;167 Av. Victor Hugo;93300;Aubervilliers
530539;Le Francais;Dimanche;25 Av. Lucien Francais;94400;Vitry-sur-Seine
540309;Le Celtique;;39 Av. de la République;93300;Aubervilliers
530546;Café du Bonheur;Mardi;63 R. Chéret;94000;Créteil
540314;Presse Avenir;Dimanche;60 R. St-Stenay - CCial Avenir;93700;Drancy
530547;Tabac du Marché;Dimanche;9 R. Bobillot;94100;Saint-Maur-des-Fossés
540315;Le Havan Cuir;Lundi;7 Pl. Nicole Neuburger;93140;Bondy
530549;Le Tabariot;Dimanche;2 R. Audigeois;94400;Vitry-sur-Seine
540316;Le Globe;Lundi;27 Av. Pierre et Marie Curie;93150;Le Blanc-Mesnil
530561;Bar du Marché;;9 Pl. du Marché;94320;Thiais
540317;Le Fontenoy;Lundi;134 Av. de la Résistance;93340;Le Raincy
530574;Tabac La Plume Verte;Dimanche;25 Av. Charles Gide;94270;Le Kremlin-Bicêtre
540331;Le Totem;Dimanche;CCial Beausevran - Rte Petits Ponts;93270;Sevran
530575;Brasserie Aragon;;8 Avenue Louis Aragon;94800;Villejuif
540365;La Sablière;Dimanche;32 R. de la Sablière;75014;Paris
530581;Royal Massy;Mercredi;48 R. Gabriel Péri;91300;Massy
540400;Hall de Presse;Dimanche;1 R. Auguste Gervais;92130;Issy-les-Moulineaux
530585;Le Monaco;;52 54 R.du Pdt François Mitterand;91160;Longjumeau
540424;Tabac de la Muette;Dimanche;6 Chaussée de la Muette;75016;Paris
540053;L‘obelisque;Dimanche;45 R. Saint-Blaise;75020;Paris
540459;La Camargue;Lundi;18 All.  Marcel Simon;92360;Meudon-la-Forêt
540066;Tabac Alexandre;Dimanche;8 R. Henri Duvernois;75020;Paris
540480;Le Brazza;Dimanche;294 - 296 R. de Vaugirard;75015;Paris
540107;L'Interlude;Dimanche;2 R. Saint-Simon;94000;Créteil
540491;Aux Ministères;Dimanche;53 Av. de Ségur;75007;Paris
540108;Eliyah;Dimanche;2 R. Eugène Henaff CCial;94400;Vitry-sur-Seine
540506;Le Diplomate;Dimanche;252 R. de la Convention;75015;Paris
540265;Tabac Le Rallye;Dimanche;107 R. Manin;75019;Paris
540517;L' Espace Tabac;Dimanche;1 R. Clapeyron;75008;Paris
540308;La Renaissance;;188 R. Ordener;75018;Paris
540545;Le Rallye;Dimanche;64 R. de Tolbiac;75013;Paris
540335;Bar Tabac l'Aviatic;Dimanche;30 Av. de la Division Leclerc;93350;Le Bourget
540547;Le Rond Point;Dimanche;32 R.Vergniaud;75013;Paris
540336;Tabac Le Muratti;Dimanche;2 Av. Jean Mermoz;93120;La Courneuve
540640;Le Bergerac;Mercredi;108 R. Etienne Dolet;94140;Alfortville
540388;Le Fleury;Samedi;82 Av. Henri Barbusse;92140;Clamart
540658;Au Maryland;Mercredi;34 R. Gabriel Péri;93200;Saint-Denis
540422;La Favorite;Dimanche;39 R. de Passy;75016;Paris
540543;Le Balto;Dimanche;3 R. Pierre Curie;94200;Ivry-sur-Seine
540551;Le Losange;Dimanche;150 R. Saint-Denis;75002;Paris
540595;Tabac de la Mairie;Dimanche;11 Pl. Gambetta;94230;Cachan
540605;Le Celtique;Dimanche;1 R. de L'Arrivée;92250;La Garenne-Colombes
540653;Tabac de l'Arrivée;Dimanche;14 Bd de L'Hopital;75005;Paris
