stop_point_id;accessibility_level_id;accessibility_level_name;commentaire;stop_name;stop_point_geopoint
stop_point:IDFM:monomodalStopPlace:43066;4;train accessible sur demande auprès d'un agent en station;;Antony;48.754632057173126, 2.300890371505836
stop_point:IDFM:monomodalStopPlace:45873;4;train accessible sur demande auprès d'un agent en station;;Auber;48.872348840718196, 2.3296591495793595
stop_point:IDFM:monomodalStopPlace:44493;4;train accessible sur demande auprès d'un agent en station;;Bagneux;48.79333690627149, 2.3220087047421583
stop_point:IDFM:monomodalStopPlace:411332;1;gare ou arrêt non accessible;;Boran-sur-Oise;49.16664871633883, 2.362237794019318
stop_point:IDFM:monomodalStopPlace:47517;6;véhicule accessible en toute autonomie;;Bouffémont - Moisselles;49.045103567466136, 2.3229000286671555
stop_point:IDFM:monomodalStopPlace:47124;1;gare ou arrêt non accessible;;Bourron-Marlotte - Grez;48.332451033464054, 2.6918764214147592
stop_point:IDFM:monomodalStopPlace:43098;3;train accessible sur réservation préalable auprès du service AssistenGare;;Brétigny;48.60664906621052, 2.3019573828860596
stop_point:IDFM:monomodalStopPlace:43099;1;gare ou arrêt non accessible;;Breuillet Village;48.56433413404574, 2.170354257290333
stop_point:IDFM:monomodalStopPlace:47533;1;gare ou arrêt non accessible;;Bruyères-sur-Oise;49.15511620671838, 2.32483287423228
stop_point:IDFM:monomodalStopPlace:43102;1;gare ou arrêt non accessible;;Buno - Gironville;48.37149489082515, 2.3872541083159335
stop_point:IDFM:monomodalStopPlace:43103;4;train accessible sur demande auprès d'un agent en station;;Bures-sur-Yvette;48.69621022314541, 2.1643461393269345
stop_point:IDFM:monomodalStopPlace:47897;3;train accessible sur réservation préalable auprès du service AssistenGare;;Cergy Saint-Christophe;49.049642166828754, 2.0345219282999176
stop_point:IDFM:monomodalStopPlace:46477;1;gare ou arrêt non accessible;;Champ de Courses d'Enghien;48.9796949197308, 2.291148632256432
stop_point:IDFM:monomodalStopPlace:58270;4;train accessible sur demande auprès d'un agent en station;;Champigny;48.80682309456137, 2.510538043646919
stop_point:IDFM:monomodalStopPlace:411461;1;gare ou arrêt non accessible;;Champigny-sur-Yonne;48.32421062271411, 3.130154840410363
stop_point:IDFM:monomodalStopPlace:45102;1;gare ou arrêt non accessible;Ligne A et B accessibles sur demande auprès d'un agent en station. Ligne D non accessible.;Châtelet les Halles;48.86174503191322, 2.34697651043533
stop_point:IDFM:monomodalStopPlace:53783;4;train accessible sur demande auprès d'un agent en station;;Chatou - Croissy;48.88519702561107, 2.1559376624708975
stop_point:IDFM:monomodalStopPlace:43241;3;train accessible sur réservation préalable auprès du service AssistenGare;;Chaville Rive Droite;48.81299614830529, 2.1885894806735937
stop_point:IDFM:monomodalStopPlace:47447;3;train accessible sur réservation préalable auprès du service AssistenGare;;Conflans-Sainte-Honorine;48.996919424234726, 2.09871661352047
stop_point:IDFM:monomodalStopPlace:47327;1;gare ou arrêt non accessible;;Couilly - Saint-Germain - Quincy;48.8827095608886, 2.8541379702257133
stop_point:IDFM:monomodalStopPlace:43117;3;train accessible sur réservation préalable auprès du service AssistenGare;;Coulommiers;48.80805936234078, 3.0812613115733436
stop_point:IDFM:monomodalStopPlace:47894;1;gare ou arrêt non accessible;;Crécy-la-Chapelle;48.859557101380915, 2.905450103333207
stop_point:IDFM:monomodalStopPlace:411396;1;gare ou arrêt non accessible;;Crépy-en-Valois;49.23108254935135, 2.8880999806451184
stop_point:IDFM:monomodalStopPlace:46286;3;train accessible sur réservation préalable auprès du service AssistenGare;;Créteil Pompadour;48.771254072297346, 2.435315840251248
stop_point:IDFM:monomodalStopPlace:43122;3;train accessible sur réservation préalable auprès du service AssistenGare;;Drancy;48.932732553959134, 2.454883180745302
stop_point:IDFM:monomodalStopPlace:43073;1;gare ou arrêt non accessible;;Écouen - Ézanville;49.02319914892831, 2.3622367893055722
stop_point:IDFM:monomodalStopPlace:415484;1;gare ou arrêt non accessible;;Égly;48.582715781664064, 2.2234625238542307
stop_point:IDFM:monomodalStopPlace:47882;1;gare ou arrêt non accessible;;Épône - Mézières;48.96340497197892, 1.809133387838305
stop_point:IDFM:monomodalStopPlace:43079;1;gare ou arrêt non accessible;;Éragny - Neuville;49.01790068888594, 2.090571123307668
stop_point:IDFM:monomodalStopPlace:411455;1;gare ou arrêt non accessible;;Étigny - Véron;48.13765030143217, 3.2900826338816094
stop_point:IDFM:monomodalStopPlace:43081;1;gare ou arrêt non accessible;;Étréchy;48.49387742150091, 2.1947692381982216
stop_point:IDFM:monomodalStopPlace:43123;1;gare ou arrêt non accessible;;Fontaine-le-Port;48.48734840615557, 2.750465255041539
stop_point:IDFM:monomodalStopPlace:43044;3;train accessible sur réservation préalable auprès du service AssistenGare;;Gagny;48.883728731604535, 2.5254046016945138
stop_point:IDFM:monomodalStopPlace:47903;1;gare ou arrêt non accessible;;Garancières - La Queue;48.810463686279576, 1.7645793224017485
stop_point:IDFM:monomodalStopPlace:47916;1;gare ou arrêt non accessible;;Gare d'Andrésy - Les Coutayes;48.974620752632916, 2.0486677678528
stop_point:IDFM:monomodalStopPlace:43238;3;train accessible sur réservation préalable auprès du service AssistenGare;;Gare Montparnasse;48.83841119933774, 2.316388731382968
stop_point:IDFM:monomodalStopPlace:46832;1;gare ou arrêt non accessible;;Gazeran;48.62603010015844, 1.7731940021017505
stop_point:IDFM:monomodalStopPlace:43130;3;train accessible sur réservation préalable auprès du service AssistenGare;;Gennevilliers;48.93282405536431, 2.307982254553742
stop_point:IDFM:monomodalStopPlace:47888;4;train accessible sur demande auprès d'un agent en station;;Gif-sur-Yvette;48.69816908612799, 2.136467766743371
stop_point:IDFM:monomodalStopPlace:47876;3;train accessible sur réservation préalable auprès du service AssistenGare;;Goussainville;49.02341075826703, 2.4625658079312593
stop_point:IDFM:monomodalStopPlace:45860;1;gare ou arrêt non accessible;;Grand Bourg;48.64880840591746, 2.4348387319350167
stop_point:IDFM:monomodalStopPlace:43131;1;gare ou arrêt non accessible;;Gretz-Armainvilliers;48.74645539980236, 2.727167738339898
stop_point:IDFM:monomodalStopPlace:43134;1;gare ou arrêt non accessible;;Guillerval;48.37428478563944, 2.0597027321607784
stop_point:IDFM:monomodalStopPlace:47603;1;gare ou arrêt non accessible;;Herblay;48.990136140429954, 2.1622316587721904
stop_point:IDFM:monomodalStopPlace:43082;4;train accessible sur demande auprès d'un agent en station;Lignes J et L accessibles sur réservation préalable auprès du service Accès Plus Transilien. Ligne C non accessible.;Houilles - Carrières-sur-Seine;48.92034757911033, 2.1851757042018707
stop_point:IDFM:monomodalStopPlace:43083;1;gare ou arrêt non accessible;;Igny;48.74084886110891, 2.230807643224045
stop_point:IDFM:monomodalStopPlace:462357;3;train accessible sur réservation préalable auprès du service AssistenGare;;Issy Val de Seine;48.83050964570215, 2.2640113460455353
stop_point:IDFM:monomodalStopPlace:411418;1;gare ou arrêt non accessible;;La Borne Blanche;49.1261949449139, 2.5069908684194053
stop_point:IDFM:monomodalStopPlace:43142;1;gare ou arrêt non accessible;;La Ferté-Alais;48.4855007310595, 2.352260197381972
stop_point:IDFM:monomodalStopPlace:43143;1;gare ou arrêt non accessible;;La Frette - Montigny;48.97988373233732, 2.180341866372171
stop_point:IDFM:monomodalStopPlace:43144;1;gare ou arrêt non accessible;;La Grande-Paroisse;48.37863280606578, 2.896902458012003
stop_point:IDFM:monomodalStopPlace:43127;3;train accessible sur réservation préalable auprès du service AssistenGare;;Le Chénay Gagny;48.877159125382796, 2.5527724908646303
stop_point:IDFM:monomodalStopPlace:43234;4;train accessible sur demande auprès d'un agent en station;;Le Parc de Saint-Maur;48.8054097518155, 2.486623744135692
stop_point:IDFM:monomodalStopPlace:422065;3;train accessible sur réservation préalable auprès du service AssistenGare;;Le Val d'Or;48.85625374079433, 2.2165513289937904
stop_point:IDFM:monomodalStopPlace:464040;1;gare ou arrêt non accessible;;Le Vert de Maisons;48.78883131123265, 2.4321242678299977
stop_point:IDFM:monomodalStopPlace:53784;4;train accessible sur demande auprès d'un agent en station;;Le Vésinet - Centre;48.89013759185911, 2.1343339900216813
stop_point:IDFM:monomodalStopPlace:47881;1;gare ou arrêt non accessible;;Les Mureaux;48.99259097971094, 1.9134674211236111
stop_point:IDFM:monomodalStopPlace:45804;1;gare ou arrêt non accessible;;Livry-sur-Seine;48.510288065207455, 2.6789439431211646
stop_point:IDFM:monomodalStopPlace:47486;1;gare ou arrêt non accessible;;Lizy-sur-Ourcq;49.02172710081919, 3.0317831029512066
stop_point:IDFM:monomodalStopPlace:473506;3;train accessible sur réservation préalable auprès du service AssistenGare;;Louveciennes;48.8612602848357, 2.1227777344789676
stop_point:IDFM:monomodalStopPlace:43156;1;gare ou arrêt non accessible;;Maisse;48.39367132989446, 2.393493661032251
stop_point:IDFM:monomodalStopPlace:411485;1;gare ou arrêt non accessible;;Malesherbes;48.293633291470464, 2.4010364417288774
stop_point:IDFM:monomodalStopPlace:46884;1;gare ou arrêt non accessible;;Mareil-sur-Mauldre;48.89302020567544, 1.8718488171877579
stop_point:IDFM:monomodalStopPlace:58774;4;train accessible sur demande auprès d'un agent en station;;Massy - Palaiseau;48.72551907437078, 2.2587677282577334
stop_point:IDFM:monomodalStopPlace:47909;1;gare ou arrêt non accessible;;Melun;48.527491277248295, 2.65469836071817
stop_point:IDFM:monomodalStopPlace:43163;3;train accessible sur réservation préalable auprès du service AssistenGare;;Meudon Val Fleury;48.807552358196936, 2.2409419171683633
stop_point:IDFM:monomodalStopPlace:46850;3;train accessible sur réservation préalable auprès du service AssistenGare;;Montfort-l'Amaury - Méré;48.802662371849536, 1.8158352700699214
stop_point:IDFM:monomodalStopPlace:44161;1;gare ou arrêt non accessible;;Montgeroult - Courcelles;49.080811910011626, 2.0029460458068105
stop_point:IDFM:monomodalStopPlace:47184;1;gare ou arrêt non accessible;;Mormant;48.61409277056721, 2.88807855133882
stop_point:IDFM:monomodalStopPlace:47482;1;gare ou arrêt non accessible;;Nanteuil - Saâcy;48.97400193831618, 3.2194260927085296
stop_point:IDFM:monomodalStopPlace:43172;4;train accessible sur demande auprès d'un agent en station;;Neuilly-Plaisance;48.85252451313788, 2.5145898211367705
stop_point:IDFM:monomodalStopPlace:46552;3;train accessible sur réservation préalable auprès du service AssistenGare;;Nogent - Le Perreux;48.839991175687295, 2.4939549579206104
stop_point:IDFM:monomodalStopPlace:48489;3;train accessible sur réservation préalable auprès du service AssistenGare;;Orangis Bois de l'Épine;48.6363396147683, 2.40769076622141
stop_point:IDFM:monomodalStopPlace:411421;1;gare ou arrêt non accessible;;Orry-la-Ville - Coye;49.13840546145438, 2.489862086302069
stop_point:IDFM:monomodalStopPlace:43086;4;train accessible sur demande auprès d'un agent en station;;Orsay Ville;48.6975077019159, 2.1808087044597166
stop_point:IDFM:monomodalStopPlace:479035;1;gare ou arrêt non accessible;;Paris-Bercy Bourgogne - Pays d'Auvergne;48.83858620193177, 2.384209720351069
stop_point:IDFM:monomodalStopPlace:43179;3;train accessible sur réservation préalable auprès du service AssistenGare;;Pierrefitte - Stains;48.96277628555098, 2.3703314284767747
stop_point:IDFM:monomodalStopPlace:47885;3;train accessible sur réservation préalable auprès du service AssistenGare;;Plaisir - Grignon;48.831926089228816, 1.943537514733802
stop_point:IDFM:monomodalStopPlace:411458;1;gare ou arrêt non accessible;;Pont-sur-Yonne;48.286200143295794, 3.201822135556628
stop_point:IDFM:monomodalStopPlace:43183;1;gare ou arrêt non accessible;;Porchefontaine;48.79654475986442, 2.1522340489858127
stop_point:IDFM:monomodalStopPlace:411326;1;gare ou arrêt non accessible;;Précy-sur-Oise;49.20347714232073, 2.377341204610025
stop_point:IDFM:monomodalStopPlace:47946;1;gare ou arrêt non accessible;;Presles - Courcelles;49.11367528279733, 2.2878509419549213
stop_point:IDFM:monomodalStopPlace:43184;3;train accessible sur réservation préalable auprès du service AssistenGare;;Puteaux;48.8833721630466, 2.2336164976472146
stop_point:IDFM:monomodalStopPlace:43186;4;train accessible sur demande auprès d'un agent en station;;Robinson;48.78023982792202, 2.281364769669608
stop_point:IDFM:monomodalStopPlace:47171;1;gare ou arrêt non accessible;;Sainte-Colombe Septveilles;48.52915312687445, 3.2553403241826864
stop_point:IDFM:monomodalStopPlace:45814;1;gare ou arrêt non accessible;;Saint-Fargeau;48.56502608446919, 2.5426100742385285
stop_point:IDFM:monomodalStopPlace:411329;1;gare ou arrêt non accessible;;Saint-Leu-d'Esserent;49.21379460642065, 2.417071454431694
stop_point:IDFM:monomodalStopPlace:47953;1;gare ou arrêt non accessible;;Saint-Mammès;48.38264713543743, 2.816506976966753
stop_point:IDFM:monomodalStopPlace:44801;4;train accessible sur demande auprès d'un agent en station;;Saint-Maur - Créteil;48.80619648110731, 2.4729094308778183
stop_point:IDFM:monomodalStopPlace:47954;3;train accessible sur réservation préalable auprès du service AssistenGare;;Saint-Nom-la-Bretèche Forêt de Marly;48.867096240827834, 2.051299627156171
stop_point:IDFM:monomodalStopPlace:43203;3;train accessible sur réservation préalable auprès du service AssistenGare;;Saint-Ouen;48.90456082213364, 2.322694729473372
stop_point:IDFM:monomodalStopPlace:47599;1;gare ou arrêt non accessible;;Saint-Ouen-l'Aumône;49.04530690087292, 2.105230857870794
stop_point:IDFM:monomodalStopPlace:43191;3;train accessible sur réservation préalable auprès du service AssistenGare;;Sartrouville;48.93769529363442, 2.1572200388507317
stop_point:IDFM:monomodalStopPlace:43192;3;train accessible sur réservation préalable auprès du service AssistenGare;;Savigny-sur-Orge;48.67639468866699, 2.3523541804056833
stop_point:IDFM:monomodalStopPlace:411452;1;gare ou arrêt non accessible;;Sens;48.19822559869753, 3.2673805413803247
stop_point:IDFM:monomodalStopPlace:47951;1;gare ou arrêt non accessible;;Seugy;49.11912737513361, 2.3996583056293246
stop_point:IDFM:monomodalStopPlace:43195;3;train accessible sur réservation préalable auprès du service AssistenGare;;Sèvres Rive Gauche;48.82121360785643, 2.215079572125279
stop_point:IDFM:monomodalStopPlace:47118;1;gare ou arrêt non accessible;;Souppes - Château-Landon;48.18117871674994, 2.7358697259911766
stop_point:IDFM:monomodalStopPlace:47960;1;gare ou arrêt non accessible;;Thieux - Nantouillet;49.00813565335945, 2.6802537675802913
stop_point:IDFM:monomodalStopPlace:47961;1;gare ou arrêt non accessible;;Thomery;48.39428183783365, 2.764187149192088
stop_point:IDFM:monomodalStopPlace:46902;1;gare ou arrêt non accessible;;Thun le Paradis;49.006673442207415, 1.919170589720022
stop_point:IDFM:monomodalStopPlace:43207;4;train accessible sur demande auprès d'un agent en station;;Torcy;48.83971015133779, 2.655169106193295
stop_point:IDFM:monomodalStopPlace:411338;1;gare ou arrêt non accessible;;Trie-Château;49.2824007109848, 1.818497020989674
stop_point:IDFM:monomodalStopPlace:43212;3;train accessible sur réservation préalable auprès du service AssistenGare;;Val d'Argenteuil;48.95065749524003, 2.2326940500534516
stop_point:IDFM:monomodalStopPlace:43213;4;train accessible sur demande auprès d'un agent en station;;Val d'Europe;48.85484622851565, 2.7724268942340276
stop_point:IDFM:monomodalStopPlace:47963;1;gare ou arrêt non accessible;;Vaucelles;49.02172683988197, 2.2294526219892656
stop_point:IDFM:monomodalStopPlace:46304;1;gare ou arrêt non accessible;;Villeneuve Triage;48.744611139140474, 2.438697833840877
stop_point:IDFM:monomodalStopPlace:46307;1;gare ou arrêt non accessible;;Villeneuve-le-Roi;48.73968685807613, 2.426423645047488
stop_point:IDFM:monomodalStopPlace:462388;3;train accessible sur réservation préalable auprès du service AssistenGare;;Viroflay Rive Gauche;48.800665521455045, 2.17158260741522
stop_point:IDFM:monomodalStopPlace:46375;3;train accessible sur réservation préalable auprès du service AssistenGare;;Vitry-sur-Seine;48.80028105254759, 2.40269438767449
stop_point:IDFM:monomodalStopPlace:46647;3;train accessible sur réservation préalable auprès du service AssistenGare;;Achères Ville;48.970643570814424, 2.0777265246565433
stop_point:IDFM:monomodalStopPlace:43068;3;train accessible sur réservation préalable auprès du service AssistenGare;;Arpajon;48.58599680822646, 2.2412169696111426
stop_point:IDFM:monomodalStopPlace:43069;3;train accessible sur réservation préalable auprès du service AssistenGare;;Asnières-sur-Seine;48.90587474197106, 2.2832114335873186
stop_point:IDFM:monomodalStopPlace:45301;3;train accessible sur réservation préalable auprès du service AssistenGare;;Bibliothèque François Mitterrand;48.8288801225864, 2.377758552865005
stop_point:IDFM:monomodalStopPlace:43101;4;train accessible sur demande auprès d'un agent en station;;Bry-sur-Marne;48.845137476280854, 2.525670945020106
stop_point:IDFM:monomodalStopPlace:58874;4;train accessible sur demande auprès d'un agent en station;;Bussy-Saint-Georges;48.83671337078136, 2.7103828395096956
stop_point:IDFM:monomodalStopPlace:43106;1;gare ou arrêt non accessible;;Champagne-sur-Seine;48.40726498958356, 2.798915755216375
stop_point:IDFM:monomodalStopPlace:47174;1;gare ou arrêt non accessible;;Champbenoist Poigny;48.54520762505785, 3.2866300417033125
stop_point:IDFM:monomodalStopPlace:47928;1;gare ou arrêt non accessible;;Changis - Saint-Jean;48.95916631326023, 3.026089283734262
stop_point:IDFM:monomodalStopPlace:58759;4;train accessible sur demande auprès d'un agent en station;;Charles de Gaulle - Etoile;48.874172759565376, 2.295231447641207
stop_point:IDFM:monomodalStopPlace:411378;1;gare ou arrêt non accessible;;Château-Thierry;49.037933505433955, 3.409522741444065
stop_point:IDFM:monomodalStopPlace:47883;3;train accessible sur réservation préalable auprès du service AssistenGare;;Chaville - Vélizy;48.79968116446791, 2.1834187943404744
stop_point:IDFM:monomodalStopPlace:411381;1;gare ou arrêt non accessible;;Chézy-sur-Marne;48.99188251331995, 3.3644154018991057
stop_point:IDFM:monomodalStopPlace:473843;4;train accessible sur demande auprès d'un agent en station;;Cité Universitaire;48.82150600684166, 2.3388576809777035
stop_point:IDFM:monomodalStopPlace:43112;3;train accessible sur réservation préalable auprès du service AssistenGare;;Clichy - Levallois;48.897501127112044, 2.2974715210323566
stop_point:IDFM:monomodalStopPlace:47932;1;gare ou arrêt non accessible;;Coignières;48.74374799338111, 1.9214184023981655
stop_point:IDFM:monomodalStopPlace:43114;3;train accessible sur réservation préalable auprès du service AssistenGare;;Conflans Fin d'Oise;48.991156287258484, 2.0746499245710193
stop_point:IDFM:monomodalStopPlace:47052;4;train accessible sur demande auprès d'un agent en station;;Courcelle-sur-Yvette;48.70131367727702, 2.097722386795541
stop_point:IDFM:monomodalStopPlace:46736;1;gare ou arrêt non accessible;;Dammartin - Juilly - Saint-Mard;49.03215183565455, 2.699046819624294
stop_point:IDFM:monomodalStopPlace:473890;4;train accessible sur demande auprès d'un agent en station;;Denfert-Rochereau;48.83318643678081, 2.333220634641387
stop_point:IDFM:monomodalStopPlace:43120;6;véhicule accessible en toute autonomie;;Domont;49.03284003832482, 2.3371269712571614
stop_point:IDFM:monomodalStopPlace:43121;3;train accessible sur réservation préalable auprès du service AssistenGare;;Dourdan;48.53376051220457, 2.008756915662106
stop_point:IDFM:monomodalStopPlace:47095;3;train accessible sur réservation préalable auprès du service AssistenGare;;Dourdan la Forêt;48.53542058733677, 1.996005688002604
stop_point:IDFM:monomodalStopPlace:43075;6;véhicule accessible en toute autonomie;;Enghien-les-Bains;48.97288052394267, 2.3067933741682713
stop_point:IDFM:monomodalStopPlace:43078;6;véhicule accessible en toute autonomie;;Épinay - Villetaneuse;48.95792884911306, 2.3287601965958715
stop_point:IDFM:monomodalStopPlace:47906;3;train accessible sur réservation préalable auprès du service AssistenGare;;Évry - Courcouronnes;48.62588794663492, 2.4300329095214526
stop_point:IDFM:monomodalStopPlace:45745;1;gare ou arrêt non accessible;;Évry - Val de Seine;48.63439299320402, 2.4523091616356028
stop_point:IDFM:monomodalStopPlace:43124;4;train accessible sur demande auprès d'un agent en station;;Fontaine Michalon;48.74304953436299, 2.2959559818374013
stop_point:IDFM:monomodalStopPlace:43125;4;train accessible sur demande auprès d'un agent en station;;Fontenay-aux-Roses;48.78756698215643, 2.2929083820455323
stop_point:IDFM:monomodalStopPlace:43072;1;gare ou arrêt non accessible;;Gare d'Austerlitz;48.84032035638395, 2.367818767583529
stop_point:IDFM:monomodalStopPlace:470519;3;train accessible sur réservation préalable auprès du service AssistenGare;;Gare de l'Est;48.87857171221123, 2.360305141171757
stop_point:IDFM:monomodalStopPlace:470195;3;train accessible sur réservation préalable auprès du service AssistenGare;Ligne A accessible sur demande auprès d'un agent en station. Lignes D et R accessibles sur réservation préalable auprès du service Accès Plus Transilien.;Gare de Lyon;48.84340211646564, 2.376365660931201
stop_point:IDFM:monomodalStopPlace:462394;3;train accessible sur réservation préalable auprès du service AssistenGare;Ligne H accessible en toute autonomie. Lignes B, D et K accessibles sur réservation préalable auprès du service Accès Plus Transilien.;Gare du Nord;48.88230685842714, 2.356693437528564
stop_point:IDFM:monomodalStopPlace:47935;3;train accessible sur réservation préalable auprès du service AssistenGare;;Houdan;48.79602555328117, 1.6021344463889766
stop_point:IDFM:monomodalStopPlace:47484;1;gare ou arrêt non accessible;;Isles - Armentières - Congis;48.99837487688993, 3.007871639575125
stop_point:IDFM:monomodalStopPlace:46975;1;gare ou arrêt non accessible;;Issou - Porcheville;48.9793069192499, 1.7838404356830648
stop_point:IDFM:monomodalStopPlace:43136;1;gare ou arrêt non accessible;;Jouy-en-Josas;48.764760068378486, 2.1644478368550066
stop_point:IDFM:monomodalStopPlace:43137;1;gare ou arrêt non accessible;;Juziers;48.99224048747195, 1.8449525722587152
stop_point:IDFM:monomodalStopPlace:43140;3;train accessible sur réservation préalable auprès du service AssistenGare;;La Courneuve - Aubervilliers;48.92429743203911, 2.3861140570949475
stop_point:IDFM:monomodalStopPlace:47046;4;train accessible sur demande auprès d'un agent en station;;La Hacquinière;48.695299548452454, 2.1516106103390045
stop_point:IDFM:monomodalStopPlace:47939;1;gare ou arrêt non accessible;;La Norville - Saint-Germain-lès-Arpajon;48.59111916474817, 2.266215906699314
stop_point:IDFM:monomodalStopPlace:43149;1;gare ou arrêt non accessible;;Lardy;48.520620553497956, 2.255014220399748
stop_point:IDFM:monomodalStopPlace:411479;1;gare ou arrêt non accessible;;Laroche - Migennes;47.96107924372578, 3.5126763134529835
stop_point:IDFM:monomodalStopPlace:46163;3;train accessible sur réservation préalable auprès du service AssistenGare;;Le Blanc-Mesnil;48.93230698220945, 2.4753884360764298
stop_point:IDFM:monomodalStopPlace:45784;3;train accessible sur réservation préalable auprès du service AssistenGare;;Le Mée;48.538746730738936, 2.6255537322060074
stop_point:IDFM:monomodalStopPlace:43230;1;gare ou arrêt non accessible;;Les Grésillons;48.9206901983449, 2.313901968217972
stop_point:IDFM:monomodalStopPlace:47968;1;gare ou arrêt non accessible;;Les Noues;49.03307204384692, 2.477713962139221
stop_point:IDFM:monomodalStopPlace:46298;3;train accessible sur réservation préalable auprès du service AssistenGare;;Les Saules;48.74520105223681, 2.4174549898851208
stop_point:IDFM:monomodalStopPlace:47937;1;gare ou arrêt non accessible;;L'Étang-la-Ville;48.86818814962987, 2.076893601882248
stop_point:IDFM:monomodalStopPlace:47669;1;gare ou arrêt non accessible;;Lieusaint - Moissy;48.62833648393033, 2.569507070898012
stop_point:IDFM:monomodalStopPlace:44628;3;train accessible sur réservation préalable auprès du service AssistenGare;;Louvres;49.04933726826723, 2.5018113143714777
stop_point:IDFM:monomodalStopPlace:474069;4;train accessible sur demande auprès d'un agent en station;;Lozère;48.705912413627026, 2.212717641845953
stop_point:IDFM:monomodalStopPlace:43833;4;train accessible sur demande auprès d'un agent en station;;Luxembourg;48.84543177842458, 2.3398088878203698
stop_point:IDFM:monomodalStopPlace:58572;3;train accessible sur réservation préalable auprès du service AssistenGare;;Magenta;48.88081039411524, 2.358695908637114
stop_point:IDFM:monomodalStopPlace:43154;3;train accessible sur réservation préalable auprès du service AssistenGare;;Maisons-Alfort - Alfortville;48.80217813521484, 2.4264376603578035
stop_point:IDFM:monomodalStopPlace:46965;1;gare ou arrêt non accessible;;Mantes Station;48.98360892717879, 1.7151334567152097
stop_point:IDFM:monomodalStopPlace:43157;1;gare ou arrêt non accessible;Ligne J accessible sur réservation préalable auprès du service Accès Plus Transilien. Ligne N non accessible.;Mantes-la-Jolie;48.989295021419494, 1.703836824856348
stop_point:IDFM:monomodalStopPlace:411375;1;gare ou arrêt non accessible;;Mareuil-sur-Ourcq;49.135381005893805, 3.0754989980809686
stop_point:IDFM:monomodalStopPlace:43247;1;gare ou arrêt non accessible;;Marles-en-Brie;48.73481854687385, 2.868811725090548
stop_point:IDFM:monomodalStopPlace:43164;3;train accessible sur réservation préalable auprès du service AssistenGare;;Mitry - Claye;48.9757479508066, 2.6422341369736606
stop_point:IDFM:monomodalStopPlace:411482;1;gare ou arrêt non accessible;;Montargis;48.00669739961254, 2.743201130533139
stop_point:IDFM:monomodalStopPlace:47910;3;train accessible sur réservation préalable auprès du service AssistenGare;;Montereau;48.37960363189276, 2.942541935520315
stop_point:IDFM:monomodalStopPlace:43166;3;train accessible sur réservation préalable auprès du service AssistenGare;Ligne H accessible en toute autonomie. Ligne C accessible sur réservation préalable auprès du service Accès Plus Transilien.;Montigny - Beauchamp;49.007744118117, 2.1965151756043033
stop_point:IDFM:monomodalStopPlace:43168;6;véhicule accessible en toute autonomie;;Montsoult - Maffliers;49.06616021905701, 2.3228219079408823
stop_point:IDFM:monomodalStopPlace:43169;4;train accessible sur demande auprès d'un agent en station;;Nanterre Préfecture;48.895886773064674, 2.2229862429913676
stop_point:IDFM:monomodalStopPlace:411390;1;gare ou arrêt non accessible;;Nanteuil-le-Haudouin;49.14251123380041, 2.7941647655566535
stop_point:IDFM:monomodalStopPlace:47944;1;gare ou arrêt non accessible;;Nézel - Aulnay;48.93882932493657, 1.8404153320794885
stop_point:IDFM:monomodalStopPlace:411384;1;gare ou arrêt non accessible;;Nogent-L'Artaud - Charly;48.96871609894733, 3.3228476502480797
stop_point:IDFM:monomodalStopPlace:47886;4;train accessible sur demande auprès d'un agent en station;;Nogent-sur-Marne;48.834306538503405, 2.471683791180998
stop_point:IDFM:monomodalStopPlace:47530;1;gare ou arrêt non accessible;;Nointel - Mours;49.13282894869498, 2.2799576391232472
stop_point:IDFM:monomodalStopPlace:462901;3;train accessible sur réservation préalable auprès du service AssistenGare;;Ozoir-la-Ferrière;48.77076716837013, 2.690116190500944
stop_point:IDFM:monomodalStopPlace:43177;4;train accessible sur demande auprès d'un agent en station;;Parc de Sceaux;48.769718949712896, 2.309934691589042
stop_point:IDFM:monomodalStopPlace:43178;1;gare ou arrêt non accessible;;Persan - Beaumont;49.147582944600785, 2.2777997330536137
stop_point:IDFM:monomodalStopPlace:57674;1;gare ou arrêt non accessible;;Petit Jouy Les Loges;48.77123768805397, 2.1468519693445356
stop_point:IDFM:monomodalStopPlace:415091;1;gare ou arrêt non accessible;;Pont de l'Alma;48.86247496310803, 2.3003592740110994
stop_point:IDFM:monomodalStopPlace:46568;3;train accessible sur réservation préalable auprès du service AssistenGare;;Roissy-en-Brie;48.79563367624288, 2.650530702348584
stop_point:IDFM:monomodalStopPlace:44787;1;gare ou arrêt non accessible;;Rungis la Fraternelle;48.74021613668418, 2.3521980873905326
stop_point:IDFM:monomodalStopPlace:43188;1;gare ou arrêt non accessible;;Sainte-Geneviève-des-Bois;48.65295347339147, 2.3129608959702024
stop_point:IDFM:monomodalStopPlace:43201;3;train accessible sur réservation préalable auprès du service AssistenGare;;Saint-Gratien;48.963658273529425, 2.285777828585351
stop_point:IDFM:monomodalStopPlace:48964;6;véhicule accessible en toute autonomie;;Saint-Leu-la-Forêt;49.01523840177278, 2.2428869689226687
stop_point:IDFM:monomodalStopPlace:47955;1;gare ou arrêt non accessible;;Saint-Ouen-l'Aumône Quartier de l'Église;49.03909361746138, 2.1034691329132857
stop_point:IDFM:monomodalStopPlace:47950;1;gare ou arrêt non accessible;;Sermaise;48.535687624993614, 2.069088468619773
stop_point:IDFM:monomodalStopPlace:43211;3;train accessible sur réservation préalable auprès du service AssistenGare;;Vaires - Torcy;48.87517306494243, 2.637705554664271
stop_point:IDFM:monomodalStopPlace:43215;1;gare ou arrêt non accessible;;Vauboyen;48.75897132762851, 2.1925522822775045
stop_point:IDFM:monomodalStopPlace:43217;1;gare ou arrêt non accessible;;Vaux-sur-Seine;49.0073550143858, 1.9630264473162566
stop_point:IDFM:monomodalStopPlace:44602;3;train accessible sur réservation préalable auprès du service AssistenGare;;Versailles Rive Droite;48.80949051640336, 2.1368871000602927
stop_point:IDFM:monomodalStopPlace:45067;1;gare ou arrêt non accessible;;Villeneuve-Saint-Georges;48.730080267741016, 2.446304786739812
stop_point:IDFM:monomodalStopPlace:462398;3;train accessible sur réservation préalable auprès du service AssistenGare;;Aéroport CDG 1 (Terminal 3) - RER;49.00979397116337, 2.5614121946317394
stop_point:IDFM:monomodalStopPlace:47875;3;train accessible sur réservation préalable auprès du service AssistenGare;;Argenteuil;48.9468952901277, 2.257913508915154
stop_point:IDFM:monomodalStopPlace:46395;1;gare ou arrêt non accessible;;Athis-Mons;48.71266832171659, 2.403668724287269
stop_point:IDFM:monomodalStopPlace:43070;1;gare ou arrêt non accessible;;Aubergenville Élisabethville;48.97233225408568, 1.8489603900783327
stop_point:IDFM:monomodalStopPlace:47918;1;gare ou arrêt non accessible;;Auvers-sur-Oise;49.07034498316611, 2.174916445478343
stop_point:IDFM:monomodalStopPlace:43091;1;gare ou arrêt non accessible;;Bièvres;48.75087243760775, 2.2161603396773564
stop_point:IDFM:monomodalStopPlace:45763;1;gare ou arrêt non accessible;;Boissise-le-Roi;48.52985734002498, 2.57179291425262
stop_point:IDFM:monomodalStopPlace:47924;3;train accessible sur réservation préalable auprès du service AssistenGare;;Boussy-Saint-Antoine;48.68087387117553, 2.533195809235637
stop_point:IDFM:monomodalStopPlace:47925;1;gare ou arrêt non accessible;;Breuillet - Bruyères-le-Châtel;48.57760979436327, 2.1922487394356454
stop_point:IDFM:monomodalStopPlace:58873;3;train accessible sur réservation préalable auprès du service AssistenGare;;Brunoy;48.698914475306886, 2.5068503123113692
stop_point:IDFM:monomodalStopPlace:44559;3;train accessible sur réservation préalable auprès du service AssistenGare;;Cergy Préfecture;49.036306683133965, 2.0797809490013073
stop_point:IDFM:monomodalStopPlace:43105;3;train accessible sur réservation préalable auprès du service AssistenGare;Ligne H accessible en toute autonomie. Ligne C accessible sur réservation préalable auprès du service Accès Plus Transilien.;Cernay;48.985149200200375, 2.257017857907824
stop_point:IDFM:monomodalStopPlace:411428;1;gare ou arrêt non accessible;;Chantilly - Gouvieux;49.187030004663995, 2.4595159140085237
stop_point:IDFM:monomodalStopPlace:47591;1;gare ou arrêt non accessible;;Chaponval;49.069127824401804, 2.1410848292610347
stop_point:IDFM:monomodalStopPlace:43110;3;train accessible sur réservation préalable auprès du service AssistenGare;;Choisy-le-Roi;48.76387977763339, 2.411287538155699
stop_point:IDFM:monomodalStopPlace:43111;1;gare ou arrêt non accessible;;Clamart;48.814225639142954, 2.274243860950152
stop_point:IDFM:monomodalStopPlace:43113;3;train accessible sur réservation préalable auprès du service AssistenGare;;Colombes;48.92395845032284, 2.2593187577109575
stop_point:IDFM:monomodalStopPlace:43115;3;train accessible sur réservation préalable auprès du service AssistenGare;;Corbeil-Essonnes;48.61323864277619, 2.472467657639279
stop_point:IDFM:monomodalStopPlace:43118;3;train accessible sur réservation préalable auprès du service AssistenGare;;Courbevoie;48.89861561377405, 2.249189818087758
stop_point:IDFM:monomodalStopPlace:411440;1;gare ou arrêt non accessible;;Creil;49.264185555044406, 2.46892902764167
stop_point:IDFM:monomodalStopPlace:43077;1;gare ou arrêt non accessible;;Épinay-sur-Seine;48.95382604164122, 2.302388375122374
stop_point:IDFM:monomodalStopPlace:45759;1;gare ou arrêt non accessible;;Essonnes Robinson;48.60581740091332, 2.463295818844443
stop_point:IDFM:monomodalStopPlace:47884;1;gare ou arrêt non accessible;;Fontenay-le-Fleury;48.807273444277804, 2.0407045118857456
stop_point:IDFM:monomodalStopPlace:47238;4;train accessible sur demande auprès d'un agent en station;;Fontenay-sous-Bois;48.8437885964859, 2.463537806527943
stop_point:IDFM:monomodalStopPlace:58566;3;train accessible sur réservation préalable auprès du service AssistenGare;;Gare Saint-Lazare;48.87747568635212, 2.3244386552397684
stop_point:IDFM:monomodalStopPlace:43132;3;train accessible sur réservation préalable auprès du service AssistenGare;;Grigny Centre;48.65484195083382, 2.39678605544789
stop_point:IDFM:monomodalStopPlace:46482;6;véhicule accessible en toute autonomie;;Gros Noyer Saint-Prix;48.996079034066284, 2.2596836105712628
stop_point:IDFM:monomodalStopPlace:47205;1;gare ou arrêt non accessible;;Guérard - La Celle-sur-Morin;48.81076877713248, 2.9538116993768355
stop_point:IDFM:monomodalStopPlace:47145;1;gare ou arrêt non accessible;;Héricy;48.44272124429534, 2.7607507689116346
stop_point:IDFM:monomodalStopPlace:470540;1;gare ou arrêt non accessible;;Invalides;48.8627130056211, 2.3126576509104404
stop_point:IDFM:monomodalStopPlace:43084;1;gare ou arrêt non accessible;;Issy;48.81933737870203, 2.257883547622023
stop_point:IDFM:monomodalStopPlace:45739;3;train accessible sur réservation préalable auprès du service AssistenGare;;Juvisy;48.68970940912314, 2.383334629403869
stop_point:IDFM:monomodalStopPlace:46470;6;véhicule accessible en toute autonomie;;La Barre Ormesson;48.96628415206348, 2.3167036448125224
stop_point:IDFM:monomodalStopPlace:47880;3;train accessible sur réservation préalable auprès du service AssistenGare;;La Celle-Saint-Cloud;48.84262523059504, 2.138236726142033
stop_point:IDFM:monomodalStopPlace:46007;4;train accessible sur demande auprès d'un agent en station;;La Croix de Berny;48.76171816323692, 2.3042107053612133
stop_point:IDFM:monomodalStopPlace:411372;1;gare ou arrêt non accessible;;La Ferté-Milon;49.17963214095126, 3.1206754069517184
stop_point:IDFM:monomodalStopPlace:47412;3;train accessible sur réservation préalable auprès du service AssistenGare;;La Garenne-Colombes;48.90957685679064, 2.2397947530458273
stop_point:IDFM:monomodalStopPlace:427872;3;train accessible sur réservation préalable auprès du service AssistenGare;;Lagny - Thorigny;48.8821904179895, 2.7059554888008988
stop_point:IDFM:monomodalStopPlace:43231;4;train accessible sur demande auprès d'un agent en station;;Le Bourget;48.930744340383264, 2.425825637815098
stop_point:IDFM:monomodalStopPlace:45824;1;gare ou arrêt non accessible;;Le Coudray-Montceaux;48.56619819315809, 2.492424499497774
stop_point:IDFM:monomodalStopPlace:43235;1;gare ou arrêt non accessible;;Le Perray;48.69336112490438, 1.8566531860615936
stop_point:IDFM:monomodalStopPlace:43236;3;train accessible sur réservation préalable auprès du service AssistenGare;;Le Stade;48.93172049557505, 2.260948512567054
stop_point:IDFM:monomodalStopPlace:43227;1;gare ou arrêt non accessible;;Les Ardoines;48.78248922625494, 2.409587305033223
stop_point:IDFM:monomodalStopPlace:43229;1;gare ou arrêt non accessible;;Les Essarts-le-Roi;48.721693353095276, 1.8896613918946876
stop_point:IDFM:monomodalStopPlace:47914;1;gare ou arrêt non accessible;;Longueville;48.513786141275986, 3.2501140784117886
stop_point:IDFM:monomodalStopPlace:47528;6;véhicule accessible en toute autonomie;;Luzarches;49.117099228494695, 2.4200435326085863
stop_point:IDFM:monomodalStopPlace:473109;3;train accessible sur réservation préalable auprès du service AssistenGare;;Maisons-Laffitte;48.94574060746957, 2.1446722659338855
stop_point:IDFM:monomodalStopPlace:43248;3;train accessible sur réservation préalable auprès du service AssistenGare;;Marly-le-Roi;48.87152941199376, 2.0965372930677657
stop_point:IDFM:monomodalStopPlace:43239;4;train accessible sur demande auprès d'un agent en station;;Marne-la-Vallée Chessy;48.86979506673141, 2.7824826512673546
stop_point:IDFM:monomodalStopPlace:43159;1;gare ou arrêt non accessible;;Marolles-en-Hurepoix;48.56564453550255, 2.290908349251896
stop_point:IDFM:monomodalStopPlace:46886;1;gare ou arrêt non accessible;;Maule;48.90932809474093, 1.8568974216555532
stop_point:IDFM:monomodalStopPlace:43160;1;gare ou arrêt non accessible;;Maurecourt;48.986862412057214, 2.059634534011659
stop_point:IDFM:monomodalStopPlace:47899;1;gare ou arrêt non accessible;;Mennecy;48.57054850948166, 2.4319348900260658
stop_point:IDFM:monomodalStopPlace:47585;1;gare ou arrêt non accessible;;Mériel;49.07775311707399, 2.205438463461229
stop_point:IDFM:monomodalStopPlace:43162;1;gare ou arrêt non accessible;;Meudon;48.81436409632574, 2.2428787225795106
stop_point:IDFM:monomodalStopPlace:43165;1;gare ou arrêt non accessible;;Monnerville;48.34855884654156, 2.03249765465537
stop_point:IDFM:monomodalStopPlace:47684;3;train accessible sur réservation préalable auprès du service AssistenGare;;Montgeron - Crosne;48.70871108366713, 2.461377446437224
stop_point:IDFM:monomodalStopPlace:47125;1;gare ou arrêt non accessible;;Montigny-sur-Loing;48.33649861774928, 2.738336123575285
stop_point:IDFM:monomodalStopPlace:47942;1;gare ou arrêt non accessible;;Mortcerf;48.789592035371314, 2.9074760676708205
stop_point:IDFM:monomodalStopPlace:43245;3;train accessible sur réservation préalable auprès du service AssistenGare;;Nemours - Saint-Pierre / Gare Foljuif;48.26863657605134, 2.6850524330729284
stop_point:IDFM:monomodalStopPlace:44199;4;train accessible sur demande auprès d'un agent en station;;Noisiel;48.84351408493866, 2.616660606000051
stop_point:IDFM:monomodalStopPlace:58937;4;train accessible sur demande auprès d'un agent en station;;Noisy - Champs;48.84289619599068, 2.580103342831972
stop_point:IDFM:monomodalStopPlace:474082;4;train accessible sur demande auprès d'un agent en station;;Noisy-le-Grand - Mont d'Est;48.84088525041221, 2.550026754158765
stop_point:IDFM:monomodalStopPlace:47921;1;gare ou arrêt non accessible;;Orgerus - Béhoust;48.82662740630846, 1.7030300359022215
stop_point:IDFM:monomodalStopPlace:43175;4;train accessible sur demande auprès d'un agent en station;;Palaiseau - Villebon;48.7081489333421, 2.237329249708309
stop_point:IDFM:monomodalStopPlace:44314;1;gare ou arrêt non accessible;;Péreire Levallois;48.88602700780433, 2.2992286819828145
stop_point:IDFM:monomodalStopPlace:47874;3;train accessible sur réservation préalable auprès du service AssistenGare;;Poissy;48.93324983956547, 2.040804469960689
stop_point:IDFM:monomodalStopPlace:47181;1;gare ou arrêt non accessible;;Provins;48.55553092379296, 3.302334202203228
stop_point:IDFM:monomodalStopPlace:479059;1;gare ou arrêt non accessible;;Rosny-sur-Seine;48.99751746396684, 1.6298170882272784
stop_point:IDFM:monomodalStopPlace:46990;1;gare ou arrêt non accessible;;Saint-Cyr;48.79877460471833, 2.072712440765476
stop_point:IDFM:monomodalStopPlace:44877;4;train accessible sur demande auprès d'un agent en station;;Saint-Michel Notre-Dame;48.853023793740164, 2.344959780029387
stop_point:IDFM:monomodalStopPlace:43150;3;train accessible sur réservation préalable auprès du service AssistenGare;Ligne H accessible en toute autonomie. Ligne C accessible sur réservation préalable auprès du service Accès Plus Transilien.;Saint-Ouen-l'Aumône Liesse;49.0341234164973, 2.128124092657316
stop_point:IDFM:monomodalStopPlace:47889;4;train accessible sur demande auprès d'un agent en station;;Saint-Rémy-lès-Chevreuse;48.702732696472715, 2.071385742904064
stop_point:IDFM:monomodalStopPlace:47665;1;gare ou arrêt non accessible;;Savigny-le-Temple - Nandy;48.59548998563483, 2.5839359760934313
stop_point:IDFM:monomodalStopPlace:59206;4;train accessible sur demande auprès d'un agent en station;;Sceaux;48.781307920937515, 2.2979282159439305
stop_point:IDFM:monomodalStopPlace:43194;3;train accessible sur réservation préalable auprès du service AssistenGare;;Sevran - Livry;48.93640164880271, 2.5352889927291447
stop_point:IDFM:monomodalStopPlace:43193;3;train accessible sur réservation préalable auprès du service AssistenGare;;Sevran Beaudottes;48.94700236504643, 2.5247262164471342
stop_point:IDFM:monomodalStopPlace:47767;3;train accessible sur réservation préalable auprès du service AssistenGare;;Sèvres - Ville-d'Avray;48.827253206930806, 2.2007294495659546
stop_point:IDFM:monomodalStopPlace:43205;3;train accessible sur réservation préalable auprès du service AssistenGare;;Suresnes Mont Valérien;48.871689522026664, 2.2210567895582143
stop_point:IDFM:monomodalStopPlace:47958;3;train accessible sur réservation préalable auprès du service AssistenGare;;Survilliers - Fosses;49.09951161811565, 2.525517836696695
stop_point:IDFM:monomodalStopPlace:43208;3;train accessible sur réservation préalable auprès du service AssistenGare;;Tournan;48.739445157221006, 2.7589013341652717
stop_point:IDFM:monomodalStopPlace:46926;1;gare ou arrêt non accessible;;Triel-sur-Seine;48.98141600700941, 2.005709444143668
stop_point:IDFM:monomodalStopPlace:47900;1;gare ou arrêt non accessible;Ligne A accessible sur demande auprès d'un agent en station. Ligne E non accessible.;Val de Fontenay;48.85424654032024, 2.4890536307751616
stop_point:IDFM:monomodalStopPlace:43216;3;train accessible sur réservation préalable auprès du service AssistenGare;;Vaucresson;48.836684490249404, 2.152674671677768
stop_point:IDFM:monomodalStopPlace:59038;1;gare ou arrêt non accessible;;Vernon - Giverny;49.091626659828435, 1.477776772218189
stop_point:IDFM:monomodalStopPlace:43218;1;gare ou arrêt non accessible;;Vernou-sur-Seine;48.38667549692297, 2.8421499951400837
stop_point:IDFM:monomodalStopPlace:47525;1;gare ou arrêt non accessible;;Viarmes;49.11663481669089, 2.3682376422969282
stop_point:IDFM:monomodalStopPlace:46725;3;train accessible sur réservation préalable auprès du service AssistenGare;;Villeparisis - Mitry-le-Neuf;48.95316214687084, 2.603220561532749
stop_point:IDFM:monomodalStopPlace:43223;3;train accessible sur réservation préalable auprès du service AssistenGare;;Villiers-sur-Marne - Le Plessis-Trévise;48.82324786783017, 2.542644466674205
stop_point:IDFM:monomodalStopPlace:46689;3;train accessible sur réservation préalable auprès du service AssistenGare;;Viroflay Rive Droite;48.805472581494975, 2.1676545647835206
stop_point:IDFM:monomodalStopPlace:47136;1;gare ou arrêt non accessible;;Vulaines-sur-Seine - Samoreau;48.430461048527036, 2.752898337073854
stop_point:IDFM:monomodalStopPlace:43226;3;train accessible sur réservation préalable auprès du service AssistenGare;;Yerres;48.7064507273249, 2.483187005163047
stop_point:IDFM:monomodalStopPlace:46387;1;gare ou arrêt non accessible;;Ablon;48.72578126379895, 2.4198671478914595
stop_point:IDFM:monomodalStopPlace:45419;1;gare ou arrêt non accessible;;Avenue du Président Kennedy Maison de Radio France;48.85352548506894, 2.279679454187814
stop_point:IDFM:monomodalStopPlace:45437;1;gare ou arrêt non accessible;;Avenue Foch;48.86985281215763, 2.2747712644338454
stop_point:IDFM:monomodalStopPlace:47119;1;gare ou arrêt non accessible;;Bagneaux-sur-Loing;48.22938980618883, 2.7040329448732985
stop_point:IDFM:monomodalStopPlace:43088;1;gare ou arrêt non accessible;;Bellevue;48.818872981385084, 2.2299563222165655
stop_point:IDFM:monomodalStopPlace:47524;1;gare ou arrêt non accessible;;Belloy - Saint-Martin;49.09838940491585, 2.3613265147338978
stop_point:IDFM:monomodalStopPlace:46857;1;gare ou arrêt non accessible;;Beynes;48.860056612665424, 1.8755955719389825
stop_point:IDFM:monomodalStopPlace:43092;1;gare ou arrêt non accessible;;Boigneville;48.341208632507616, 2.378618440416535
stop_point:IDFM:monomodalStopPlace:46801;1;gare ou arrêt non accessible;;Boissy-l'Aillerie;49.07572135804642, 2.025386064104548
stop_point:IDFM:monomodalStopPlace:43096;3;train accessible sur réservation préalable auprès du service AssistenGare;;Bondy;48.893965864676495, 2.4795800358385867
stop_point:IDFM:monomodalStopPlace:46984;1;gare ou arrêt non accessible;;Bonnières;49.03882194566387, 1.5820546885594051
stop_point:IDFM:monomodalStopPlace:47790;1;gare ou arrêt non accessible;;Bougival;48.85379323051655, 2.132028029856739
stop_point:IDFM:monomodalStopPlace:58757;1;gare ou arrêt non accessible;;Champ de Mars Tour Eiffel;48.8564765666592, 2.2896562493865478
stop_point:IDFM:monomodalStopPlace:58879;3;train accessible sur réservation préalable auprès du service AssistenGare;;Chelles - Gournay;48.87411948897062, 2.5833806594500697
stop_point:IDFM:monomodalStopPlace:46731;1;gare ou arrêt non accessible;;Compans;48.99132968756663, 2.6649599355374893
stop_point:IDFM:monomodalStopPlace:43116;1;gare ou arrêt non accessible;;Cormeilles-en-Parisis;48.9686435877584, 2.1930511780913897
stop_point:IDFM:monomodalStopPlace:47491;1;gare ou arrêt non accessible;;Crouy-sur-Ourcq;49.09189047640195, 3.062669111949777
stop_point:IDFM:monomodalStopPlace:43076;3;train accessible sur réservation préalable auprès du service AssistenGare;;Épinay-sur-Orge;48.6693475106473, 2.332043500451718
stop_point:IDFM:monomodalStopPlace:47920;1;gare ou arrêt non accessible;;Ermont Halte;48.990533377371726, 2.26320025038274
stop_point:IDFM:monomodalStopPlace:47322;3;train accessible sur réservation préalable auprès du service AssistenGare;;Esbly;48.902895083058525, 2.809640025507793
stop_point:IDFM:monomodalStopPlace:411488;1;gare ou arrêt non accessible;;Ferrières - Fontenay;48.09588996416835, 2.7720920761530037
stop_point:IDFM:monomodalStopPlace:47911;3;train accessible sur réservation préalable auprès du service AssistenGare;;Fontainebleau - Avon;48.416666098921, 2.7267714287220346
stop_point:IDFM:monomodalStopPlace:47580;1;gare ou arrêt non accessible;;Frépillon;49.045277206622124, 2.197098920791642
stop_point:IDFM:monomodalStopPlace:47927;1;gare ou arrêt non accessible;;Gare de Chamarande;48.51405318948937, 2.2151562718541644
stop_point:IDFM:monomodalStopPlace:46847;1;gare ou arrêt non accessible;;Gare de Villiers Neauphle Pontchartrain;48.81532337552301, 1.8775357849413559
stop_point:IDFM:monomodalStopPlace:47596;1;gare ou arrêt non accessible;;Gare Épluches;49.055049202893706, 2.1226568963520114
stop_point:IDFM:monomodalStopPlace:59301;1;gare ou arrêt non accessible;;Gisors;49.285504693998305, 1.7847679942171768
stop_point:IDFM:monomodalStopPlace:43133;6;véhicule accessible en toute autonomie;;Groslay;48.98436467954606, 2.3535217052321715
stop_point:IDFM:monomodalStopPlace:58718;3;train accessible sur réservation préalable auprès du service AssistenGare;;Haussmann Saint-Lazare;48.874998862001185, 2.328646179742093
stop_point:IDFM:monomodalStopPlace:45346;3;train accessible sur réservation préalable auprès du service AssistenGare;;Javel;48.84716158046345, 2.27803679359566
stop_point:IDFM:monomodalStopPlace:411467;1;gare ou arrêt non accessible;;Joigny;47.973655686300866, 3.393667054376571
stop_point:IDFM:monomodalStopPlace:43135;4;train accessible sur demande auprès d'un agent en station;;Joinville-le-Pont;48.82119737360793, 2.4638739495546496
stop_point:IDFM:monomodalStopPlace:470549;3;train accessible sur réservation préalable auprès du service AssistenGare;Ligne A accessible sur demande auprès d'un agent en station. Lignes L et U accessibles sur réservation préalable auprès du service Accès Plus Transilien.;La Défense;48.892229801568206, 2.238418596250407
stop_point:IDFM:monomodalStopPlace:43246;1;gare ou arrêt non accessible;;La Ferté-sous-Jouarre;48.95078183142266, 3.124704606439104
stop_point:IDFM:monomodalStopPlace:43145;3;train accessible sur réservation préalable auprès du service AssistenGare;;La Plaine Stade de France;48.918076675621, 2.362459916604931
stop_point:IDFM:monomodalStopPlace:43607;4;train accessible sur demande auprès d'un agent en station;;Laplace;48.808360137202826, 2.3343440158701894
stop_point:IDFM:monomodalStopPlace:43232;4;train accessible sur demande auprès d'un agent en station;;Le Guichet;48.705497380193584, 2.1929739951487424
stop_point:IDFM:monomodalStopPlace:411405;1;gare ou arrêt non accessible;;Le Plessis-Belleville;49.09632467804431, 2.745036686332378
stop_point:IDFM:monomodalStopPlace:43228;4;train accessible sur demande auprès d'un agent en station;;Les Baconnets;48.73984612871272, 2.288108127151424
stop_point:IDFM:monomodalStopPlace:58267;3;train accessible sur réservation préalable auprès du service AssistenGare;;Les Boullereaux Champigny;48.82486398816196, 2.511990843607618
stop_point:IDFM:monomodalStopPlace:54249;3;train accessible sur réservation préalable auprès du service AssistenGare;;Les Clairières de Verneuil;48.99266997269272, 1.9552440340828119
stop_point:IDFM:monomodalStopPlace:411342;1;gare ou arrêt non accessible;;Liancourt-Saint-Pierre;49.22054256178432, 1.9054790812050526
stop_point:IDFM:monomodalStopPlace:43151;1;gare ou arrêt non accessible;;Limay;48.98420212754175, 1.7474125098984148
stop_point:IDFM:monomodalStopPlace:43161;1;gare ou arrêt non accessible;;Meaux;48.9566203252873, 2.8733082321502925
stop_point:IDFM:monomodalStopPlace:46897;1;gare ou arrêt non accessible;;Meulan - Hardricourt;49.00581615609435, 1.9021289902435004
stop_point:IDFM:monomodalStopPlace:47130;3;train accessible sur réservation préalable auprès du service AssistenGare;;Moret - Veneux-les-Sablons;48.37789836789835, 2.800462899908886
stop_point:IDFM:monomodalStopPlace:45761;1;gare ou arrêt non accessible;;Moulin Galant;48.58688228073328, 2.473444919964576
stop_point:IDFM:monomodalStopPlace:45705;1;gare ou arrêt non accessible;;Musée d'Orsay;48.860365575927474, 2.326623034830927
stop_point:IDFM:monomodalStopPlace:43170;3;train accessible sur réservation préalable auprès du service AssistenGare;Ligne A accessible sur demande auprès d'un agent en station. Lignes L accessible sur réservation préalable auprès du service Accès Plus Transilien.;Nanterre Université;48.90112974604822, 2.213536495127317
stop_point:IDFM:monomodalStopPlace:473875;4;train accessible sur demande auprès d'un agent en station;;Nation;48.84823319072756, 2.3959444654495297
stop_point:IDFM:monomodalStopPlace:47879;3;train accessible sur réservation préalable auprès du service AssistenGare;;Neuville Université;49.01374275942672, 2.078348820578231
stop_point:IDFM:monomodalStopPlace:51494;1;gare ou arrêt non accessible;;Osny;49.06281914403825, 2.0581556508746317
stop_point:IDFM:monomodalStopPlace:47009;4;train accessible sur demande auprès d'un agent en station;;Palaiseau;48.71686524330362, 2.24558429554376
stop_point:IDFM:monomodalStopPlace:43176;3;train accessible sur réservation préalable auprès du service AssistenGare;;Pantin;48.897987452300434, 2.4010414542870944
stop_point:IDFM:monomodalStopPlace:47878;3;train accessible sur réservation préalable auprès du service AssistenGare;;Parc des Expositions;48.97356812654279, 2.5145512908225953
stop_point:IDFM:monomodalStopPlace:44411;3;train accessible sur réservation préalable auprès du service AssistenGare;Ligne H accessible en toute autonomie. Lignes C et J accessibles sur réservation préalable auprès du service Accès Plus Transilien.;Pontoise;49.04673337596684, 2.0957859968423524
stop_point:IDFM:monomodalStopPlace:47877;3;train accessible sur réservation préalable auprès du service AssistenGare;;Rosny-sous-Bois;48.87007067367753, 2.4857557993217947
stop_point:IDFM:monomodalStopPlace:58875;4;train accessible sur demande auprès d'un agent en station;;Rueil-Malmaison;48.88767250064626, 2.172366417897185
stop_point:IDFM:monomodalStopPlace:47952;1;gare ou arrêt non accessible;;Saint-Chéron;48.550937745357075, 2.1249767315730463
stop_point:IDFM:monomodalStopPlace:43196;3;train accessible sur réservation préalable auprès du service AssistenGare;;Saint-Cloud;48.846058536430505, 2.2176312182469986
stop_point:IDFM:monomodalStopPlace:412743;1;gare ou arrêt non accessible;;Saint-Denis;48.93482889939617, 2.345479004987329
stop_point:IDFM:monomodalStopPlace:43198;4;train accessible sur demande auprès d'un agent en station;;Saint-Germain-en-Laye;48.898745300550765, 2.095041912326374
stop_point:IDFM:monomodalStopPlace:411473;1;gare ou arrêt non accessible;;Saint-Julien du Sault;48.02662402302481, 3.302762450780337
stop_point:IDFM:monomodalStopPlace:43202;3;train accessible sur réservation préalable auprès du service AssistenGare;;Saint-Michel-sur-Orge;48.635615525211605, 2.3068029676156123
stop_point:IDFM:monomodalStopPlace:43190;6;véhicule accessible en toute autonomie;;Sarcelles - Saint-Brice;48.99620491669132, 2.3686856352535353
stop_point:IDFM:monomodalStopPlace:43204;3;train accessible sur réservation préalable auprès du service AssistenGare;;Stade de France Saint-Denis;48.91769737260247, 2.3504430479100207
stop_point:IDFM:monomodalStopPlace:58792;4;train accessible sur demande auprès d'un agent en station;;Sucy - Bonneuil;48.77206393780998, 2.5074994611650823
stop_point:IDFM:monomodalStopPlace:47959;1;gare ou arrêt non accessible;;Tacoignières - Richebourg;48.829319654250604, 1.6686619019959739
stop_point:IDFM:monomodalStopPlace:43209;3;train accessible sur réservation préalable auprès du service AssistenGare;;Trappes;48.7747853970692, 2.0065902166898377
stop_point:IDFM:monomodalStopPlace:47962;1;gare ou arrêt non accessible;;Trilport;48.96016915361593, 2.949685912410061
stop_point:IDFM:monomodalStopPlace:47187;1;gare ou arrêt non accessible;;Verneuil-l'Étang;48.64438940351837, 2.825083962015835
stop_point:IDFM:monomodalStopPlace:45735;1;gare ou arrêt non accessible;;Vigneux-sur-Seine;48.70808932141768, 2.413499342148242
stop_point:IDFM:monomodalStopPlace:47904;1;gare ou arrêt non accessible;;Villabé;48.592814943454, 2.461533386360794
stop_point:IDFM:monomodalStopPlace:47522;1;gare ou arrêt non accessible;;Villaines;49.079264370566555, 2.3505357370070645
stop_point:IDFM:monomodalStopPlace:411476;1;gare ou arrêt non accessible;;Villeneuve-sur-Yonne;48.085206695756156, 3.2865046950805197
stop_point:IDFM:monomodalStopPlace:43222;1;gare ou arrêt non accessible;;Villiers-le-Bel - Gonesse - Arnouville;48.99377204005172, 2.4162467958973055
stop_point:IDFM:monomodalStopPlace:43224;4;train accessible sur demande auprès d'un agent en station;;Vincennes;48.84734683460296, 2.4325836014183
stop_point:IDFM:monomodalStopPlace:43225;1;gare ou arrêt non accessible;;Viry-Châtillon;48.67590783936994, 2.387021960013403
stop_point:IDFM:monomodalStopPlace:47967;1;gare ou arrêt non accessible;;Vosves;48.51507609100275, 2.5994097381795305
stop_point:IDFM:monomodalStopPlace:47915;1;gare ou arrêt non accessible;;Achères Grand Cormier;48.95541092942684, 2.0936529195192275
stop_point:IDFM:monomodalStopPlace:473364;3;train accessible sur réservation préalable auprès du service AssistenGare;;Aéroport Charles de Gaulle 2 (Terminal 2);49.0041455478504, 2.5709800477570233
stop_point:IDFM:monomodalStopPlace:47917;1;gare ou arrêt non accessible;;Angerville;48.311605620382146, 2.0037505317720075
stop_point:IDFM:monomodalStopPlace:43067;4;train accessible sur demande auprès d'un agent en station;;Arcueil - Cachan;48.79869767228883, 2.328093276131277
stop_point:IDFM:monomodalStopPlace:43071;3;train accessible sur réservation préalable auprès du service AssistenGare;;Aulnay-sous-Bois;48.932150935734064, 2.495597257086315
stop_point:IDFM:monomodalStopPlace:45447;1;gare ou arrêt non accessible;;Avenue Henri Martin;48.86545537297977, 2.2722351438875577
stop_point:IDFM:monomodalStopPlace:43087;1;gare ou arrêt non accessible;;Ballancourt;48.53101531216478, 2.3700930488013845
stop_point:IDFM:monomodalStopPlace:47923;3;train accessible sur réservation préalable auprès du service AssistenGare;;Bécon les Bruyères;48.90549079769296, 2.268790065027107
stop_point:IDFM:monomodalStopPlace:43090;1;gare ou arrêt non accessible;;Bessancourt;49.03527556641014, 2.2103009348975013
stop_point:IDFM:monomodalStopPlace:51238;3;train accessible sur réservation préalable auprès du service AssistenGare;;Bois-Colombes;48.91419560591249, 2.2716490888242244
stop_point:IDFM:monomodalStopPlace:47654;1;gare ou arrêt non accessible;;Bois-le-Roi;48.47579827327959, 2.691542568002651
stop_point:IDFM:monomodalStopPlace:43094;4;train accessible sur demande auprès d'un agent en station;;Boissy-Saint-Léger;48.752267307821874, 2.504498176690716
stop_point:IDFM:monomodalStopPlace:45453;1;gare ou arrêt non accessible;;Boulainvilliers;48.856981095562965, 2.274806827480264
stop_point:IDFM:monomodalStopPlace:47905;1;gare ou arrêt non accessible;;Bouray;48.53290340283496, 2.2900778137432436
stop_point:IDFM:monomodalStopPlace:43097;4;train accessible sur demande auprès d'un agent en station;;Bourg-la-Reine;48.78026436884244, 2.312278311834309
stop_point:IDFM:monomodalStopPlace:47895;1;gare ou arrêt non accessible;;Boutigny;48.43442542513416, 2.3767454804181263
stop_point:IDFM:monomodalStopPlace:43100;1;gare ou arrêt non accessible;;Bréval;48.943453022992934, 1.5418227473944963
stop_point:IDFM:monomodalStopPlace:43104;3;train accessible sur réservation préalable auprès du service AssistenGare;;Cergy le Haut;49.04823262405815, 2.011579068023536
stop_point:IDFM:monomodalStopPlace:42516;3;train accessible sur réservation préalable auprès du service AssistenGare;;Cesson;48.56486314053174, 2.5946150549367304
stop_point:IDFM:monomodalStopPlace:47590;1;gare ou arrêt non accessible;;Champagne-sur-Oise;49.136089580289706, 2.242987667830016
stop_point:IDFM:monomodalStopPlace:47929;1;gare ou arrêt non accessible;;Chanteloup-les-Vignes;48.97035707590211, 2.0276211497651646
stop_point:IDFM:monomodalStopPlace:47930;1;gare ou arrêt non accessible;;Chars;49.16300140123273, 1.936865953454158
stop_point:IDFM:monomodalStopPlace:43107;1;gare ou arrêt non accessible;;Chartrettes;48.48701587175729, 2.6952691308240335
stop_point:IDFM:monomodalStopPlace:411345;1;gare ou arrêt non accessible;;Chaumont-en-Vexin;49.26118959499568, 1.8732362595841847
stop_point:IDFM:monomodalStopPlace:43108;3;train accessible sur réservation préalable auprès du service AssistenGare;;Chaville Rive Gauche;48.8051904761828, 2.189425762809199
stop_point:IDFM:monomodalStopPlace:46035;1;gare ou arrêt non accessible;;Chemin d'Antony;48.747936542587276, 2.3126496863919335
stop_point:IDFM:monomodalStopPlace:45771;3;train accessible sur réservation préalable auprès du service AssistenGare;;Combs-la-Ville - Quincy;48.667819721800015, 2.5476998823085504
stop_point:IDFM:monomodalStopPlace:473159;6;véhicule accessible en toute autonomie;;Deuil - Montmagny;48.975925703105524, 2.338131209772398
stop_point:IDFM:monomodalStopPlace:58955;1;gare ou arrêt non accessible;;Dordives;48.14790552423752, 2.762658376432018
stop_point:IDFM:monomodalStopPlace:43074;3;train accessible sur réservation préalable auprès du service AssistenGare;;Émerainville - Pontault-Combault;48.80587944608123, 2.618502939849115
stop_point:IDFM:monomodalStopPlace:47898;3;train accessible sur réservation préalable auprès du service AssistenGare;Ligne H accessible en toute autonomie. Lignes J et C accessibles sur réservation préalable auprès du service Accès Plus Transilien.;Ermont - Eaubonne;48.98049890628609, 2.2707541014797794
stop_point:IDFM:monomodalStopPlace:43080;1;gare ou arrêt non accessible;;Étampes;48.437062675829104, 2.159819133907717
stop_point:IDFM:monomodalStopPlace:47199;1;gare ou arrêt non accessible;;Faremoutiers - Pommeuse;48.80853544410162, 2.9932738165708552
stop_point:IDFM:monomodalStopPlace:43126;3;train accessible sur réservation préalable auprès du service AssistenGare;Ligne H accessible en toute autonomie. Ligne C accessible sur réservation préalable auprès du service Accès Plus Transilien.;Franconville - Le Plessis-Bouchard;48.99374640051787, 2.2341907839306554
stop_point:IDFM:monomodalStopPlace:47770;3;train accessible sur réservation préalable auprès du service AssistenGare;;Garches - Marnes-la-Coquette;48.838254440887944, 2.187092668770097
stop_point:IDFM:monomodalStopPlace:43129;1;gare ou arrêt non accessible;;Gargenville;48.983003872761415, 1.8090110590166268
stop_point:IDFM:monomodalStopPlace:43251;3;train accessible sur réservation préalable auprès du service AssistenGare;;Garges - Sarcelles;48.97632635843972, 2.3899547555239407
stop_point:IDFM:monomodalStopPlace:45877;4;train accessible sur demande auprès d'un agent en station;;Gentilly;48.815228092611335, 2.340926830790754
stop_point:IDFM:monomodalStopPlace:46366;1;gare ou arrêt non accessible;;Ivry-sur-Seine;48.8139591342409, 2.391677280020743
stop_point:IDFM:monomodalStopPlace:43146;3;train accessible sur réservation préalable auprès du service AssistenGare;;La Varenne - Chennevières;48.79532749459459, 2.5132322873015256
stop_point:IDFM:monomodalStopPlace:43147;1;gare ou arrêt non accessible;;La Verrière;48.7551716132828, 1.943057018064192
stop_point:IDFM:monomodalStopPlace:411348;1;gare ou arrêt non accessible;;La Villetertre;49.20238205277644, 1.9205792747729
stop_point:IDFM:monomodalStopPlace:45850;1;gare ou arrêt non accessible;;Le Bras de Fer;48.623306397197155, 2.4520047548737254
stop_point:IDFM:monomodalStopPlace:45820;1;gare ou arrêt non accessible;;Le Plessis Chenet;48.57358727886637, 2.4795222910084975
stop_point:IDFM:monomodalStopPlace:47901;1;gare ou arrêt non accessible;;Le Raincy - Villemomble - Montfermeil;48.8888544132907, 2.5130610056844116
stop_point:IDFM:monomodalStopPlace:43237;4;train accessible sur demande auprès d'un agent en station;;Le Vésinet - Le Pecq;48.89794951079969, 2.122132232303764
stop_point:IDFM:monomodalStopPlace:47969;3;train accessible sur réservation préalable auprès du service AssistenGare;;Les Vallées;48.91365276270651, 2.2572045759752384
stop_point:IDFM:monomodalStopPlace:58288;1;gare ou arrêt non accessible;;Les Yvris Noisy-le-Grand;48.82311348135466, 2.5799804563719477
stop_point:IDFM:monomodalStopPlace:47589;1;gare ou arrêt non accessible;;L'Isle-Adam - Parmain;49.11454854558362, 2.209941858169547
stop_point:IDFM:monomodalStopPlace:43152;4;train accessible sur demande auprès d'un agent en station;;Lognes;48.839255049438655, 2.633026934567703
stop_point:IDFM:monomodalStopPlace:47940;4;train accessible sur demande auprès d'un agent en station;;Massy - Verrières;48.73498926809152, 2.2739511484048442
stop_point:IDFM:monomodalStopPlace:47582;1;gare ou arrêt non accessible;;Méry-sur-Oise;49.058277435287074, 2.1914182364676797
stop_point:IDFM:monomodalStopPlace:43167;3;train accessible sur réservation préalable auprès du service AssistenGare;;Montreuil;48.805965217521, 2.1528278413582385
stop_point:IDFM:monomodalStopPlace:47325;1;gare ou arrêt non accessible;;Montry - Condé;48.891071946593115, 2.8256554095986797
stop_point:IDFM:monomodalStopPlace:47943;1;gare ou arrêt non accessible;;Mouroux;48.813701725231546, 3.0430626039871616
stop_point:IDFM:monomodalStopPlace:47158;1;gare ou arrêt non accessible;;Nangis;48.5617195064875, 3.0121779578254295
stop_point:IDFM:monomodalStopPlace:43171;4;train accessible sur demande auprès d'un agent en station;;Nanterre Ville;48.89501972616058, 2.19511769490499
stop_point:IDFM:monomodalStopPlace:415093;1;gare ou arrêt non accessible;;Neuilly Porte Maillot;48.878347804048644, 2.284217509613705
stop_point:IDFM:monomodalStopPlace:44201;3;train accessible sur réservation préalable auprès du service AssistenGare;;Noisy-le-Sec;48.8966634168645, 2.4591980956866797
stop_point:IDFM:monomodalStopPlace:46299;1;gare ou arrêt non accessible;;Orly Ville;48.74163230680523, 2.4030548924063897
stop_point:IDFM:monomodalStopPlace:43180;1;gare ou arrêt non accessible;;Pierrelaye;49.01917957374756, 2.1545313948758564
stop_point:IDFM:monomodalStopPlace:43181;1;gare ou arrêt non accessible;;Plaisir - Les Clayes;48.830838967119995, 1.960091444651348
stop_point:IDFM:monomodalStopPlace:45493;1;gare ou arrêt non accessible;;Pont Cardinet;48.88839532721545, 2.312950431098551
stop_point:IDFM:monomodalStopPlace:47907;1;gare ou arrêt non accessible;;Pont de Rungis Aéroport d'Orly;48.74834625868034, 2.373209854795934
stop_point:IDFM:monomodalStopPlace:58798;3;train accessible sur réservation préalable auprès du service AssistenGare;;Pont du Garigliano - Hôpital Européen G. Pompidou;48.83888336270874, 2.2704701876900395
stop_point:IDFM:monomodalStopPlace:47595;1;gare ou arrêt non accessible;;Pont Petit;49.06087605161007, 2.131241645234573
stop_point:IDFM:monomodalStopPlace:45812;1;gare ou arrêt non accessible;;Ponthierry - Pringy;48.535084951085466, 2.5445365646399507
stop_point:IDFM:monomodalStopPlace:44500;4;train accessible sur demande auprès d'un agent en station;;Port Royal;48.840064350218256, 2.3371383995944486
stop_point:IDFM:monomodalStopPlace:44514;1;gare ou arrêt non accessible;;Porte de Clichy;48.894262568309564, 2.3159411535514716
stop_point:IDFM:monomodalStopPlace:427870;3;train accessible sur réservation préalable auprès du service AssistenGare;;Rambouillet;48.6438460126836, 1.832207614506548
stop_point:IDFM:monomodalStopPlace:47948;1;gare ou arrêt non accessible;;Ris-Orangis;48.659057463386254, 2.414997460834355
stop_point:IDFM:monomodalStopPlace:58498;3;train accessible sur réservation préalable auprès du service AssistenGare;;Rosa Parks;48.89645824176388, 2.3737182728654673
stop_point:IDFM:monomodalStopPlace:42356;1;gare ou arrêt non accessible;;Rosny Bois Perrier;48.88258632328664, 2.4811863962676766
stop_point:IDFM:monomodalStopPlace:47115;1;gare ou arrêt non accessible;;Saint-Martin d'Étampes;48.42748765080825, 2.145258831307165
stop_point:IDFM:monomodalStopPlace:461504;1;gare ou arrêt non accessible;;Saint-Quentin en Yvelines - Montigny-le-Bretonneux;48.78748491597792, 2.044615988930814
stop_point:IDFM:monomodalStopPlace:43189;3;train accessible sur réservation préalable auprès du service AssistenGare;;Sannois;48.970881176549405, 2.263820283806777
stop_point:IDFM:monomodalStopPlace:47949;1;gare ou arrêt non accessible;;Santeuil - Le Perchay;49.12334471123142, 1.949406923865895
stop_point:IDFM:monomodalStopPlace:43206;1;gare ou arrêt non accessible;;Taverny;49.024976382846596, 2.222287008769188
stop_point:IDFM:monomodalStopPlace:47922;1;gare ou arrêt non accessible;;Us;49.09955483034093, 1.9705444983242866
stop_point:IDFM:monomodalStopPlace:47588;1;gare ou arrêt non accessible;;Valmondois;49.09093718795672, 2.2019152338634327
stop_point:IDFM:monomodalStopPlace:43214;1;gare ou arrêt non accessible;;Vanves - Malakoff;48.81828945559893, 2.2919742374890983
stop_point:IDFM:monomodalStopPlace:47964;3;train accessible sur réservation préalable auprès du service AssistenGare;;Vernouillet - Verneuil;48.981645855003116, 1.9829377621754614
stop_point:IDFM:monomodalStopPlace:43219;3;train accessible sur réservation préalable auprès du service AssistenGare;;Versailles Chantiers;48.79526039893613, 2.1349078603373464
stop_point:IDFM:monomodalStopPlace:43220;3;train accessible sur réservation préalable auprès du service AssistenGare;;Versailles Château Rive Gauche;48.79991350059487, 2.130150772175517
stop_point:IDFM:monomodalStopPlace:46222;3;train accessible sur réservation préalable auprès du service AssistenGare;;Vert Galant;48.944091645418105, 2.5663968806983126
stop_point:IDFM:monomodalStopPlace:411464;1;gare ou arrêt non accessible;;Villeneuve-la-Guyard;48.34261875935412, 3.0720201061041963
stop_point:IDFM:monomodalStopPlace:47966;1;gare ou arrêt non accessible;;Villennes-sur-Seine;48.93983138477974, 1.999557321396041
stop_point:IDFM:monomodalStopPlace:58793;3;train accessible sur réservation préalable auprès du service AssistenGare;;Villepinte;48.96256540760733, 2.512783848981341
stop_point:IDFM:monomodalStopPlace:43221;1;gare ou arrêt non accessible;;Villepreux - Les Clayes;48.82366793006802, 1.992798523459497
stop_point:IDFM:monomodalStopPlace:58581;1;gare ou arrêt non accessible;;Villiers Montbarbin;48.86354898645753, 2.882573667971905
